BirdID_USGS_F,band_numb_female,BirdID_FR_F,field_readable_female,BirdID_USGS_M,band_numb_male,BirdID_FR_M,field_readable_male,nest_label,species,Month,Day,Year,latitude,longitude,nest_habitat,LocationID,detailed_location
,,1136,8A6,1582,1777-28135,1582,4P9,10G1,GBBG,5,26,2010,42.98567,-70.6183,Shrub_Small,1,Bartels
,,1775,8F3,1357,1777-14110,1357,4P3,10G2,GBBG,5,26,2010,42.9874,-70.61313,Shrub_Small,1,Bartels
,,1762,9F5,,,1541,3P7,10G3,GBBG,5,26,2010,42.98874,-70.61196,Shrub_Large,1,Incinerator Ridge
,,1779,9F3,,,1283,3P9,10G4,GBBG,5,26,2010,42.9889,-70.61135,Rock_Vegetated,1,Incinerator Ridge
,,1774,9F4,,,1060,1A0,10G5,GBBG,5,26,2010,42.98858,-70.61118,Shrub_Large,1,Gerry's Ridge
,,1772,9F0,,,1292,5P5,10G6,GBBG,5,26,2010,42.98886,-70.61192,Shrub_Large,1,Incinerator Ridge
,,69,0J3,,,1356,4P4,10G7,GBBG,5,26,2010,42.98884,-70.61235,Rock_Vegetated,1,Incinerator Ridge
,,1771,9F1,,,1677,3K1,10G8,GBBG,5,26,2010,42.98909,-70.61295,Shrub_Large,1,Incinerator Ridge
1773,1997-02043,1773,0F0,,,1674,2K8,10G9,GBBG,5,26,2010,42.98908,-70.61341,Pebbles_Vegetated,1,Broad Cove
1700,1937-67554,1700,9K8,1260,1777-14013,1260,1 E 3,10G10,GBBG,5,26,2010,42.98907,-70.61452,Shrub_Large,1,Road: to Broad Cove
1239,1777-08292,1239,9C2,1277,1777-14030,1277,3 E 1,10G11,GBBG,5,26,2010,42.98878,-70.61536,Under_Building,1,Dive Locker
,,,2 E 2,1269,1777-14022,1269,,10G12,GBBG,5,26,2010,,,Shrub_Large,1,Sunset Pavillion
,,1760,9F7,,,1670,2K5,10G13,GBBG,5,26,2010,42.98696,-70.61599,Rock_Vegetated,1,Sunset Pavillion
1777,1997-02047,1777,8F1,1662,1937-67516,1662,1K6,10G14,GBBG,5,26,2010,42.98688,-70.61597,Shrub_Small,1,Sunset Pavillion
,,1247,0C0,1778,1997-02048,1778,9F2,10G15,GBBG,5,26,2010,42.98709,-70.61584,Shrub_Small,1,PK - Radar Tower
1665,1937-67519,1665,1K9,,,1780,9F6,10G16,GBBG,5,26,2010,42.98726,-70.61649,Shrub_Large,1,Road: SML Dock to High Tide Pier
,,1272,2 E 5,,,1782,3K8,10G17,GBBG,5,26,2010,42.98714,-70.61703,Shrub_Small,1,SML Dock
1776,1997-02046,1776,3P1,1666,1937-67520,1666,2K0,10G18,GBBG,5,26,2010,42.98722,-70.6168,Shrub_Small,1,SML Dock
,,1504,4P2,,,,,10G19,GBBG,5,26,2010,,,Shrub_Small,1,Road: SML Dock to High Tide Pier
1294,1777-14047,1294,5P1,,,1585,3P2,10G20,GBBG,5,26,2010,42.98806,-70.61584,Pebbles_Vegetated,1,Road: SML Dock to High Tide Pier
,,1547,3P3,,,1209,6C1,10G21,GBBG,5,26,2010,42.98854,-70.61549,Rock_Vegetated,1,High Tide Pier
,,1407,7 E 3,,,1063,1A5,10G22,GBBG,5,26,2010,,,Rock_Vegetated,1,High Tide Pier
1096,1777-08146,1096,4A6,,,1404,5H7,10G23,GBBG,5,26,2010,42.98918,-70.61544,Shrub_Small,1,Grass Lab
,,1261,1 E 4,,,1240,9C3,10G24,GBBG,5,26,2010,,,Shrub_Large,1,Dive Locker
,,1544,3P4,,,1687,5K0,10G25,GBBG,5,26,2010,42.9893,-70.61612,Rock_Vegetated,1,Grass Lab
,,1761,9F8,,,,,10G26,GBBG,5,26,2010,,,Rock_Vegetated,1,Road: Laighton to Kiggins
,,1781,3K7,,,1770,8F2,10G27,GBBG,5,26,2010,42.98743,-70.61366,Shrub_Small,1,Road: Kiggins to Bartels
,,1450,4P6,1116,1777-08166,1116,6A6,10G28,GBBG,5,26,2010,42.98764,-70.61538,Shrub_Small,1,Laighton
1691,1937-67545,1691,3K6,,,1542,5P0,10G29,GBBG,5,26,2010,42.98819,-70.61575,Shrub_Small,1,Road: SML Dock to High Tide Pier
,,1295,5P2,,,52,3K9,10G30,GBBG,5,26,2010,42.98851,-70.61558,Rock_Vegetated,1,High Tide Pier
,,1281,5P4,,,1718,8K9,10G32,GBBG,5,26,2010,42.98848,-70.61575,Shrub_Small,1,High Tide Pier
,,1538,5P6,,,1784,5K4,10G33,GBBG,5,26,2010,42.9884,-70.61203,Shrub_Large,1,Trail: Bartels to Bench
,,1505,5P7,,,1786,5K5,10G34,GBBG,5,26,2010,42.98864,-70.61107,Shrub_Small,1,Gerry's Ridge
,,1586,5P8,,,1355,6P2,10G35,GBBG,5,26,2010,42.9892,-70.61434,Shrub_Large,1,Road: to Broad Cove
,,47,5K2,,,1278,5P9,10G36,GBBG,5,24,2010,,,,156,Grass Lab
1053,1777-08103,1053,0A3,1588,1777-28141,1588,6P0,10G37,GBBG,5,26,2010,42.98897,-70.61549,Shrub_Small,1,Dive Locker
,,1688,5K1,,,1365,6P6,10G38,GBBG,5,26,2010,42.98912,-70.61617,Pebbles_Vegetated,1,FMS Transect 5
,,1686,4K9,1303,1777-14056,1303,4P8,10G39,GBBG,5,26,2010,42.98909,-70.61622,Pebbles_Vegetated,1,FMS Transect 5
1669,1937-67523,1669,2K3,1587,1777-28140,1587,6P7,10G40,GBBG,5,26,2010,42.98684,-70.61472,Shrub_Large,1,Trail: PK to Dorm 2
,,,6H2,1409,1777-14162,1409,,10G41,GBBG,5,26,2010,,,Shrub_Large,1,Road: Sandpiper Beach Road
1661,1937-67515,1661,1K5,,,1592,6P1,10G43,GBBG,5,26,2010,42.98968,-70.61687,Shrub_Large,1,Road: Sandpiper Beach Road
1667,1937-67521,1667,2K1,1366,1777-14119,1366,6P4,10G44,GBBG,5,26,2010,42.98722,-70.61662,Rock_Vegetated,1,Road: SML Dock to High Tide Pier
1668,1937-67522,1668,2K2,,,,,10G45,GBBG,5,26,2010,,,Rock_Vegetated,1,Dorm 2
,,1121,7A1,,,1672,2K6,10G46,GBBG,5,26,2010,42.98695,-70.61594,Rock_Vegetated,1,Sunset Pavillion
,,1663,1K7,,,,,10G47,GBBG,5,26,2010,,,Shrub_Large,1,Sunset Pavillion
,,,4K2,1697,1937-67551,1697,,10G49,GBBG,5,26,2010,,,Shrub_Small,1,Road: SML Dock to Laighton
,,1673,2K7,,,1536,6P5,10G50,GBBG,5,26,2010,42.98912,-70.61366,Pebbles_Vegetated,1,Broad Cove
,,1685,4K8,,,,,10G51,GBBG,5,26,2010,,,Rock_Vegetated,1,Sandpiper Beach
1682,1937-67536,1682,4K4,1590,1777-28143,1590,5K3,10G52,GBBG,5,26,2010,42.98955,-70.61469,Shrub_Small,1,Ross's Pole Barn
,,,4K5,1681,1937-67535,1681,,10G53,GBBG,5,26,2010,,,Shrub_Small,1,Ross's Pole Barn
,,1589,6P3,1502,1777-28055,1502,7P0,10G54,GBBG,5,26,2010,42.98785,-70.6158,Shrub_Large,1,Road: SML Dock to Laighton
1543,1777-28096,1543,7P1,,,,,10G55,GBBG,5,26,2010,,,Shrub_Large,1,SML Dock
,,1304,7P2,,,1785,4K3,10G57,GBBG,5,26,2010,42.98689,-70.61675,Rock_Vegetated,1,Kingsbury House
,,1707,9K5,,,,,10G58,GBBG,5,26,2010,,,Rock_Vegetated,1,Smith's Cove
,,1705,9K3,,,,,10G59,GBBG,5,26,2010,,,Rock_Vegetated,1,Smith's Cove
,,1704,9K1,,,1684,4K6,10G60,GBBG,5,26,2010,42.98621,-70.61822,Shrub_Small,1,Smith's Cove
,,1683,4K7,,,,,10G61,GBBG,5,26,2010,,,Shrub_Small,1,Smith's Cove
,,1675,3K0,,,1701,9K7,10G66,GBBG,5,26,2010,42.98909,-70.61365,Pebbles_Vegetated,1,Broad Cove
,,1676,2K9,,,,,10G67,GBBG,5,26,2010,,,Rock_Vegetated,1,Norwegian Cove
,,1678,3K2,,,,,10G68,GBBG,5,26,2010,,,Shrub_Small,1,Smith's Cove
,,1696,4K1,,,1671,3K5,10G69,GBBG,5,26,2010,42.98585,-70.61812,Rock_Vegetated,1,Smith's Cove
,,1679,3K3,,,1706,9K4,10G70,GBBG,5,26,2010,42.98605,-70.61833,Rock_Vegetated,1,Smith's Cove
,,1680,3K4,,,,,10G71,GBBG,5,26,2010,,,Shrub_Small,1,Smith's Cove
,,1699,9K9,,,1783,4K0,10G72,GBBG,5,26,2010,42.98882,-70.61232,Rock_Vegetated,1,Incinerator Ridge
1831,1997-12601,1831,0R1,,,,,11G1,GBBG,5,16,2011,42.98745,-70.61371,Rock_Vegetated,1,Road: Kiggins to Bartels
,,1664,1K8,,,1591,6P9,11G2,GBBG,5,18,2011,42.98698,-70.61556,Rock_Vegetated,1,Road: SML dock to Laighton
,,1665,1K9,,,1780,9F6,11G3,GBBG,5,18,2011,42.98722,-70.61647,Rock_Vegetated,1,Road: SML dock to Laighton
,,1782,3K8,,,1272,2 E 5,11G4,GBBG,5,18,2011,42.98705,-70.61702,,1,SML Dock
,,1760,9F7,,,1670,2K5,11G5,GBBG,5,18,2011,42.98688,-70.616,Rock_Vegetated,1,Sunset Pavilion
,,1122,7A2,,,,,11G6,GBBG,5,18,2011,42.98683,-70.61592,Rock_Vegetated,1,Sunset Pavilion
,,1111,6A1,1870,1997-12640,1870,4R2,11G7,GBBG,5,18,2011,42.98711,-70.61642,Shrub_Large,1,Road: SML dock to Laighton
,,1697,4K2,1834,1997-12604,1834,0R4,11G8,GBBG,5,18,2011,42.98755,-70.61614,,1,Road: SML dock to high tide pier
,,1778,9F2,1857,1997-12627,1857,4R1,11G9,GBBG,5,18,2011,42.98709,-70.6158,Rock_Vegetated,1,Road: SML dock to Laighton
,,1276,2 E 9,1854,1997-12624,1854,1R8,11G10,GBBG,5,18,2011,42.98651,-70.61782,Rock_Vegetated,1,FMS Transect 28
,,1294,5P1,,,1585,3P2,11G11,GBBG,5,18,2011,42.98795,-70.61576,Rock_Vegetated,1,High Tide Pier
,,1281,5P4,,,,,11G12,GBBG,5,18,2011,42.9885,-70.61573,,1,High Tide Pier
,,1269,2 E 2,,,,UB,11G13,GBBG,5,18,2011,42.9869,-70.61575,Rock_Vegetated,1,Sunset Pavilion
,,1239,9C2,,,1277,3 E 1,11G14,GBBG,5,18,2011,42.98868,-70.6154,Rock_Vegetated,1,Dive Locker
,,1404,5H7,,,1096,4A6,11G15,GBBG,5,18,2011,42.98927,-70.61513,Shrub_Small,1,Grass Lab
,,1682,4K4,,,,N/A,11G16,GBBG,5,18,2011,42.98946,-70.61465,Shrub_Small,1,Ross's Pole Barn
,,1278,5P9,47,1227-69941,47,5K2,11G17,GBBG,5,19,2011,42.9891,-70.61552,,1,Grass Lab
,,1409,6H2,61,1227-69955,61,2R7,11G18,GBBG,5,18,2011,42.9893,-70.61653,Shrub_Small,1,Road: Sandpiper Beach Road
1702,1937-67556,1702,9K6,9,1227-69903,9,5P3,11G19,GBBG,5,19,2011,42.9884,-70.61575,Shrub_Small,1,High Tide Pier
,,1304,7P2,,,1785,4K3,11G20,GBBG,5,18,2011,42.98694,-70.61679,Rock_Vegetated,1,Kingsbury House
,,1667,2K1,,,1366,6P4,11G21,GBBG,5,19,2011,42.98731,-70.61653,Rock_Vegetated,1,Road: SML dock to high tide pier
,,1707,9K5,1839,1997-12609,1839,0R9,11G22,GBBG,5,19,2011,42.98564,-70.61827,,1,FMS Transect 28
,,1701,9K7,,,1675,3K0,11G23,GBBG,5,19,2011,42.98913,-70.61366,Pebbles_Vegetated,1,Broad Cove
52,1227-69946,52,3K9,,,,,11G24,GBBG,5,19,2011,42.98849,-70.61556,Rock_Vegetated,1,High Tide Pier
,,1704,9K1,,,1684,4K6,11G25,GBBG,5,19,2011,42.98622,-70.6182,Rock_Vegetated,1,FMS Transect 28
,,1678,3K2,,,1689,9K0,11G26,GBBG,5,19,2011,42.98555,-70.61827,Rock_Vegetated,1,FMS Transect 28
,,1706,9K4,,,1679,3K3,11G27,GBBG,5,19,2011,42.98591,-70.61837,Rock_Vegetated,1,FMS Transect 28
,,1542,5P0,,,,UB,11G28,GBBG,5,19,2011,42.9882,-70.61576,Pebbles_Vegetated,1,High Tide Pier
,,1696,4K1,,,1671,3K5,11G29,GBBG,5,19,2011,42.9859,-70.61822,Rock_Vegetated,1,FMS Transect 28
,,1274,2 E 7,,,,,11G30,GBBG,5,19,2011,42.98616,-70.6181,Shrub_Large,1,FMS Transect 28
,,1100,5A0,1836,1997-12606,1836,0R6,11G31,GBBG,5,19,2011,42.98862,-70.61177,Shrub_Small,1,Trail: Bartels to Bench
,,1062,1A2,,,,,11G32,GBBG,5,19,2011,42.98806,-70.61071,Shrub_Small,1,Herring Gull Ghetto
,,1786,5K5,,,1505,5P7,11G33,GBBG,5,19,2011,42.98865,-70.61105,Rock_Vegetated,1,Gerry's Ridge
54,1227-69948,,3K1,,,1677,,11G34,GBBG,5,19,2011,42.98909,-70.61293,Shrub_Small,1,Incinerator Ridge
,,1136,8A6,,,1582,4P9,11G35,GBBG,5,19,2011,42.98745,-70.61344,Shrub_Small,1,Bartels
,,1104,5A4,1871,1997-12641,1871,4R0,11G36,GBBG,5,19,2011,42.9884,-70.61095,,1,Gerry's Ridge
54,1227-69948,54,2K4,,,1284,6P8,11G37,GBBG,5,19,2011,42.98882,-70.61143,Rock_Vegetated,1,Gerry's Ridge
,,1407,7 E 3,52,1227-69946,,,11G38,GBBG,5,18,2011,42.98859,-70.61537,,1,Dive Locker
,,1714,9P3,,,1283,3P9,11G39,GBBG,5,19,2011,42.98889,-70.61136,Rock_Vegetated,1,Gerry's Ridge
,,1283,3P9,,,1779,9F3,11G39,GBBG,,,2011,,,Rock_Vegetated,1,Gerry's Ridge
,,1502,7P0,,,,,11G40,GBBG,5,19,2011,42.98838,-70.61581,,1,Road: SML dock to high tide pier
,,1098,4A8,,,1347,0 E 0,11G41,GBBG,5,19,2011,42.98909,-70.61333,Rock_Vegetated,1,Broad Cove
,,1855,2R5,,,,,11G42,GBBG,5,20,2011,42.98847,-70.61568,,1,High Tide Pier
,,1783,4K0,,,1699,9K9,11G43,GBBG,5,20,2011,42.98878,-70.61224,Shrub_Small,1,Incinerator Ridge
1841,1997-12611,1841,1R1,,,,,11G44,GBBG,5,21,2011,42.98582,-70.61835,Rock_Vegetated,1,FMS Transect 27
1840,1997-12610,1840,1R0,,,,,11G45,GBBG,5,20,2011,42.98573,-70.61819,,1,FMS Transect 27
,,,UB,,,,,11G46,GBBG,5,20,2011,42.9888,-70.61238,Rock_Vegetated,1,Incinerator Ridge
17,1227-69911,,1H3,,,1360,,11G47,GBBG,5,20,2011,42.98911,-70.61271,Rock_Vegetated,1,Gerry's Ridge
1838,1997-12608,1838,0R8,,,,,11G48,GBBG,5,21,2011,42.98661,-70.61767,,1,FMS Transect 28
,,1144,9A4,,,,,11G49,GBBG,5,21,2011,42.98722,-70.61694,,1,SML Dock
1837,1997-12607,1837,0R7,,,,,11G50,GBBG,5,19,2011,42.98854,-70.61572,,1,
1406,1777-14159,1406,5H9,,,,,11G51,GBBG,5,19,2011,42.98951,-70.61618,,1,Celia's Garden
1832,1997-12602,1832,0R2,,,,UB,11G52,GBBG,5,20,2011,42.98691,-70.61604,Shrub_Large,1,Graveyard
1833,1997-12603,1833,0R3,,,1536,6P5,11G53,GBBG,5,19,2011,42.98909,-70.61369,Pebbles_Vegetated,1,Broad Cove
,,1538,5P6,,,1784,5K4,11G55,GBBG,5,20,2011,42.98841,-70.61205,,1,Trail: Bartels to Bench
,,1357,4P3,,,1775,8F3,11G56,GBBG,5,20,2011,42.98743,-70.61311,Shrub_Small,1,Bartels
1835,1997-12605,1835,0R5,1842,1997-12612,1842,1R2,11G60,GBBG,5,20,2011,42.98888,-70.61135,Rock_Vegetated,1,Gerry's Ridge
1843,1997-12613,1843,1R3,,,,,11G61,GBBG,5,21,2011,42.98621,-70.6182,Rock_Vegetated,1,FMS Transect 28
1844,1997-12614,1844,1R4,,,,,11G62,GBBG,5,21,2011,42.98696,-70.61586,Rock_Vegetated,1,Sunset Pavilion
1858,1997-12628,1858,2R8,1873,1997-12643,1873,4R4,11G63,GBBG,5,21,2011,42.99015,-70.6168,Rock_Vegetated,1,Road: Sandpiper Beach Road
1856,1997-12626,1856,2R6,1872,1997-12642,1872,4R3,11G64,GBBG,5,21,2011,42.98959,-70.61673,,1,Road: Sandpiper Beach Road
1859,1997-12629,1859,2R9,,,,,11G70,GBBG,5,21,2011,42.99038,-70.61681,,1,Sandpiper Beach
1860,1997-12630,1860,3R0,1875,1997-12645,1875,4R6,11G71,GBBG,5,21,2011,42.99075,-70.61678,Pebbles_Vegetated,1,Sandpiper Beach
,,1253,0 E 6,,,,,11G72,GBBG,5,21,2011,42.99065,-70.61669,,1,Sandpiper Beach
1861,1997-12631,1861,3R1,,,,UB,11G73,GBBG,5,21,2011,42.99097,-70.61674,Rock_Bare,1,Larus Ledge
1862,1997-12632,1862,3R2,1876,1997-12646,1876,4R7,11G74,GBBG,5,21,2011,42.99098,-70.61665,Rock_Vegetated,1,Larus Ledge
1863,1997-12633,1863,3R3,,,,,11G75,GBBG,5,21,2011,42.99134,-70.61644,Rock_Vegetated,1,FMS Transect 8
1864,1997-12634,1864,3R4,,,1256,0 E 9,11G76,GBBG,5,21,2011,42.99139,-70.6164,Rock_Vegetated,1,FMS Transect 8
1865,1997-12635,1865,3R5,,,,,11G77,GBBG,5,21,2011,42.99136,-70.6165,,1,FMS Transect 8
1866,1997-12636,1866,3R6,,,,,11G78,GBBG,5,21,2011,42.99155,-70.6163,Rock_Vegetated,1,FMS Transect 8
,,1404,5H7,,,1096,4A6,12G1,GBBG,5,12,2012,,,,156,Grass Lab
,,1357,4P3,,,1775,8F3,12G2,GBBG,5,14,2012,,,,133,Bartels
,,1860,3R0,,,1875,4R6,12G5,GBBG,5,16,2012,,,,183,Sandpiper Beach
,,54,2K4,2077,1997-12819,2077,2M4,12G14,GBBG,5,17,2012,42.98878,-70.61149,,155,Gerry's Ridge
,,47,5K2,2074,1997-12816,2074,2M1,12G21,GBBG,5,17,2012,42.98909,-70.61559,,156,Grass Lab
,,52,3K9,2100,1997-12831,2100,3M6,12G26,GBBG,5,17,2012,42.98846,-70.6156,,1,High Tide Pier
,,1502,7P0,2059,1997-12812,2059,1M7,12G33,GBBG,5,17,2012,42.9875,-70.61531,Grass,166,Laighton
,,1095,4A5,2098,1997-12828,2098,3M3,12G36,GBBG,5,17,2012,42.99091,-70.61682,,1,Larus Ledge
,,1862,3R2,,,1876,4R7,12G37,GBBG,5,17,2012,,,,167,Larus Ledge
,,1536,6P5,,,1833,0R3,12G40,GBBG,5,18,2012,,,,135,Broad Cove
,,1840,1R0,,,1585,3P2,12G43,GBBG,5,17,2012,,,,178,Road: SML dock to high tide pier
,,1704,9K1,,,,,12G53,GBBG,5,25,2012,42.9862,-70.6183,Rock_Vegetated,150,FMS Transect 28
,,1696,4K1,,,1841,1R1,12G55,GBBG,5,18,2012,,,,149,FMS Transect 27
,,1707,9K5,,,1839,0R9,12G56,GBBG,5,25,2012,42.98694,-70.61683,Rock_Vegetated,149,FMS Transect 27
,,1269,2 E 2,,,,,12G60,GBBG,5,25,2012,42.98693,-70.6158,Shrub_Small,186,Sunset Pavilion
,,1663,1K7,,,,,12G61,GBBG,5,25,2012,42.98692,-70.61576,Shrub_Small,186,Sunset Pavilion
2072,1997-12814,2072,1M9,,,1260,1 E 3,12G84,GBBG,5,27,2012,42.98895,-70.61492,Shrub_Large,1,Road: to Broad Cove
,,2064,1M8,,,2076,2M3,12G100,GBBG,5,25,2012,42.98728,-70.61564,Rock_Vegetated,179,Road: SML dock to Laighton
,,1167,1C9,2093,1997-12821,2093,2M6,12G101,GBBG,5,25,2012,42.98849,-70.61111,,1,Gerry's Ridge
2122,1997-12840,2122,4M5,,,,,12G102,GBBG,5,25,2012,42.98925,-70.61616,,1,Celia's Garden
2094,1997-12824,2094,2M9,2123,1997-12841,2123,4M6,12G103,GBBG,5,25,2012,42.98975,-70.61687,,1,Road: Sandpiper Beach Road
,,1228,8C0,,,,,12G104,GBBG,5,25,2012,42.99038,-70.61678,Pebbles_Bare,183,Sandpiper Beach
,,1235,8C7,,,,,12G105,GBBG,5,25,2012,42.98824,-70.61579,Pebbles_Bare,162,High Tide Pier
2083,1997-12833,2083,3M8,2136,1997-12852,2136,5M7,12G106,GBBG,5,25,2012,42.98823,-70.61601,Pebbles_Bare,162,High Tide Pier
2124,1997-12842,2124,4M7,2135,1997-12851,2135,5M6,12G107,GBBG,5,25,2012,42.98838,-70.61581,,1,High Tide Pier
2125,1997-12843,2125,4M8,,,,,12G108,GBBG,5,25,2012,42.98845,-70.61524,,1,Wastewater Treatment
2126,1997-12844,2126,4M9,,,,,12G109,GBBG,5,25,2012,42.98719,-70.6168,,1,SML Dock
,,1121,7A1,,,,,12G110,GBBG,5,25,2012,42.98687,-70.61594,Rock_Vegetated,186,Sunset Pavilion
2127,1997-12845,2127,5M0,,,,,12G111,GBBG,5,25,2012,42.98688,-70.61588,,1,Sunset Pavilion
2129,1997-12846,2129,5M1,,,,,12G112,GBBG,5,25,2012,42.98686,-70.61596,,1,Sunset Pavilion
2130,1997-12847,2130,5M2,,,1778,9F2,12G113,GBBG,5,25,2012,42.98713,-70.6158,,1,Road: SML dock to Laighton
,,1855,2R5,51,1227-69945,,,12G114,GBBG,5,26,2012,42.98849,-70.61564,,1,High Tide Pier
2091,1997-12822,2091,2M7,,,,,12G115,GBBG,5,26,2012,42.9894,-70.6164,,1,Road: Sandpiper Beach Road
2092,1997-12823,2092,2M8,,,,,12G116,GBBG,5,26,2012,42.98977,-70.61697,,1,Road: Sandpiper Beach Road
2096,1997-12826,2096,3M1,,,,,12G117,GBBG,5,26,2012,42.99023,-70.61686,,1,Road: Sandpiper Beach Road
,,1861,3R1,,,,,12G118,GBBG,5,26,2012,42.99097,-70.61678,,1,Larus Ledge
,,1256,0 E 9,,,,,12G119,GBBG,5,26,2012,42.99137,-70.61638,,1,Larus Ledge
2097,1997-12827,2097,3M2,,,,,12G120,GBBG,5,26,2012,42.99121,-70.61655,,1,Larus Ledge
2104,1997-12834,2104,3M9,,,,,12G121,GBBG,5,26,2012,42.99036,-70.61541,Grass,1,Trail: Grass Lab to Devil's Dance Floor
2106,1997-12835,2106,4M0,,,,,12G122,GBBG,5,26,2012,42.99154,-70.61502,,1,Devil's Dance Floor
2107,1997-12836,2107,4M1,2113,1997-12859,2113,6M5,12G123,GBBG,5,26,2012,42.99189,-70.61376,,1,Siren's Cove and Ridge
2108,1997-12837,2108,4M2,2112,1997-12858,2112,6M4,12G124,GBBG,5,26,2012,42.99189,-70.61376,,1,Siren's Cove and Ridge
2110,1997-12838,2110,4M3,,,,,12G125,GBBG,5,26,2012,42.99201,-70.61359,,1,Siren's Cove and Ridge
,,1427,8 E 1,,,,,12G126,GBBG,5,26,2012,42.99192,-70.61338,Grass,1,FMS Transect 14
2114,1997-12839,2114,4M4,,,,,12G127,GBBG,5,26,2012,42.99191,-70.61309,,1,Siren's Cove and Ridge
2073,1997-12815,2073,2M0,,,,,12G128,GBBG,5,26,2012,42.98963,-70.61325,Rock_Vegetated,169,Norwegian Cove
2102,1997-12830,2102,3M5,,,,,12G129,GBBG,5,26,2012,42.99038,-70.61302,,1,Norwegian Cove
,,1291,7 E 4,,,,,12G130,GBBG,5,26,2012,42.99117,-70.61283,,1,FMS Transect 14
,,1264,1 E 7,,,1283,3P9,12G131,GBBG,5,26,2012,42.98883,-70.6114,Grass,1,Gerry's Ridge
2087,1997-12820,2087,2M5,,,,,12G132,GBBG,5,26,2012,42.98863,-70.61108,,1,Gerry's Ridge
2138,1997-12832,2138,5M9,,,,,12G135,GBBG,5,26,2012,42.98936,-70.61663,Shrub_Large,1,FMS Transect 5
2147,1997-12854,2147,6M0,,,,,12G136,GBBG,5,27,2012,42.98708,-70.61684,Shrub_Small,1,SML Dock
,,1242,9C5,,,,,12G137,GBBG,5,27,2012,42.98965,-70.61599,Shrub_Large,1,Celia's Garden
2154,1997-12856,2154,6M2,,,,,12G138,GBBG,5,27,2012,42.99161,-70.6149,Rock_Bare,1,Devil's Dance Floor
2156,1997-12857,2156,6M3,,,,,12G139,GBBG,5,27,2012,42.99153,-70.61499,,1,Devil's Dance Floor
2157,1997-12860,2157,6M6,,,,,12G140,GBBG,5,27,2012,42.9921,-70.61462,Grass,1,North Head
2160,1997-12861,2160,6M7,,,,,12G141,GBBG,5,27,2012,42.99221,-70.61459,Grass,1,North Head
2161,1997-12862,2161,6M8,,,,,12G142,GBBG,5,27,2012,42.99231,-70.61446,Grass,1,North Head
2095,1997-12825,2095,3M0,,,,,12G143,GBBG,5,26,2012,42.99042,-70.61675,,1,Sandpiper Beach
2084,1997-12817,2084,2M2,,,,,12G144,GBBG,5,27,2012,42.98958,-70.61675,Rock_Bare,152,FMS Transect 5
2099,1997-12829,2099,3M4,,,,,12G145,GBBG,5,26,2012,42.99146,-70.61634,,1,Larus Ledge
,,1837,0R7,2137,1997-12853,2137,5M8,12G147,GBBG,5,26,2012,42.98855,-70.61571,Rock_Bare,1,High Tide Pier
,,1547,3P3,,,1407,7 E 3,12G148,GBBG,5,27,2012,42.98864,-70.61538,Rock_Vegetated,1,Dive Locker
2131,1997-12848,2131,5M3,2148,1997-12855,2148,6M1,12G1141,GBBG,5,25,2012,42.98655,-70.61781,,1,FMS Transect 28
2132,1997-12849,2132,5M4,,,,,12G1151,GBBG,5,25,2012,42.98604,-70.61818,,1,FMS Transect 28
2133,1997-12850,2133,5M5,,,,,12G1161,GBBG,5,25,2012,42.9857,-70.61819,,1,FMS Transect 27
,,15,4X1,,,,,13G1,GBBG,5,13,2013,42.98936,-70.61621,,,Celia's Garden
,,2138,5M9,,,,,13G2,GBBG,5,13,2013,42.98935,-70.61665,,1,FMS Transect 5
,,1858,2R8,,,1873,4R4,13G3,GBBG,5,13,2013,42.99012,-70.61688,Grass,131,Road: Sandpiper Beach Road
,,1245,9C8,,,,,13G4,GBBG,5,13,2013,42.99028,-70.61687,Grass,131,Road: Sandpiper Beach Road
,,1875,4R6,,,,,13G5,GBBG,5,13,2013,42.99077,-70.61673,Pebbles_Bare,131,Sandpiper Beach
,,2098,3M3,,,,,13G6,GBBG,5,13,2013,42.99094,-70.6168,Grass,131,Sandpiper Beach
,,2099,3M4,,,2135,5M6,13G7,GBBG,5,13,2013,42.99148,-70.61637,Grass,131,Larus Ledge
,,1866,3R6,,,,,13G8,GBBG,5,13,2013,42.99155,-70.61629,Grass,131,Larus Ledge
,,2157,6M6,,,,,13G9,GBBG,5,13,2013,42.99218,-70.61462,Shrub_Small,131,North Head
,,2160,6M7,,,,,13G10,GBBG,5,13,2013,42.99217,-70.61456,Rock_Vegetated,131,North Head
,,1404,5H7,,,,,13G11,GBBG,5,13,2013,42.98932,-70.61525,,1,Grass Lab
,,1682,4K4,,,,,13G12,GBBG,5,13,2013,42.98959,-70.61463,Grass,131,Ross's Pole Barn
,,1832,0R2,,,,,13G13,GBBG,5,13,2013,42.98965,-70.61457,,1,Ross's Pole Barn
,,2059,1M7,,,1502,7P0,13G14,GBBG,5,14,2013,42.98761,-70.6153,,1,Laighton
,,1427,8 E 1,,,,,13G15,GBBG,5,14,2013,42.99192,-70.61337,,1,Siren's Cove and Ridge
,,1291,7 E 4,,,,,13G16,GBBG,5,14,2013,42.99122,-70.61283,,1,Norwegian Cove
,,1260,1 E 3,,,,,13G17,GBBG,5,14,2013,42.98909,-70.61456,,1,Trail: Broad Cove to Graveyard
,,17,9X6,,,,,13G18,GBBG,5,16,2013,42.9889,-70.61232,Rock_Vegetated,131,Incinerator Ridge
,,1871,4R0,,,1104,5A4,13G19,GBBG,5,13,2013,42.98841,-70.61098,,1,Gerry's Ridge
,,1495,8N8,,,,,13G20,GBBG,5,13,2013,42.98641,-70.61109,,1,FMS Transect 24
,,20,4R8,,,,,13G21,GBBG,5,14,2013,42.98641,-70.61109,Grass,131,Trail: Bartels to Bench
,,1582,4P9,,,1668,2K2,13G22,GBBG,5,14,2013,42.98742,-70.61346,,1,Bartels
,,1663,1K7,,,1844,1R4,13G23,GBBG,5,14,2013,42.98697,-70.61585,,1,Sunset Pavilion
,,1121,7A1,,,1672,2K6,13G24,GBBG,5,14,2013,42.98688,-70.61597,,1,Sunset Pavilion
,,2130,5M2,,,1778,9F2,13G25,GBBG,5,14,2013,42.98732,-70.61566,,1,Road: SML dock to Laighton
,,1111,6A1,,,,,13G26,GBBG,5,14,2013,42.98711,-70.61643,,1,Road: SML dock to Laighton
,,1585,3P2,,,1840,1R0,13G27,GBBG,5,14,2013,42.98801,-70.61581,,1,Road: SML dock to high tide pier
,,2083,3M8,,,,,13G28,GBBG,5,14,2013,42.98818,-70.61579,Rock_Vegetated,131,High Tide Pier
,,1564,1N7,,,,,13G29,GBBG,5,14,2013,42.98856,-70.61572,,1,Dive Locker
,,1855,2R5,,,,,13G30,GBBG,5,20,2013,42.98848,-70.61564,Rock_Vegetated,131,High Tide Pier
,,1277,3 E 1,,,1096,4A6,13G31,GBBG,5,14,2013,42.98874,-70.61536,,1,Dive Locker
,,1667,2K1,,,,,13G32,GBBG,5,14,2013,42.98732,-70.61662,,1,Road: SML dock to high tide pier
,,1666,2K0,,,2126,4M9,13G33,GBBG,5,14,2013,42.98725,-70.61699,,1,SML Dock
,,1276,2 E 9,,,2148,6M1,13G34,GBBG,5,14,2013,42.98654,-70.61779,,1,FMS Transect 28
,,1704,9K1,,,,,13G35,GBBG,5,14,2013,42.98631,-70.61818,,1,FMS Transect 28
,,2132,5M4,,,,,13G36,GBBG,5,14,2013,42.98606,-70.61823,,1,FMS Transect 28
,,1274,2 E 7,,,,,13G37,GBBG,5,14,2013,42.98616,-70.61802,,1,FMS Transect 28
,,1696,4K1,,,,,13G38,GBBG,5,14,2013,42.98588,-70.61829,,1,FMS Transect 27
,,1678,3K2,,,,,13G39,GBBG,5,14,2013,42.98556,-70.61829,,1,FMS Transect 27
,,1557,1N0,,,,,13G40,GBBG,5,14,2013,42.98797,-70.61395,,1,Kiggins Commons
,,47,5K2,,,1161,1C3,13G41,GBBG,5,15,2013,42.98936,-70.61609,Rock_Vegetated,131,Celia's Garden
,,1686,4K9,,,,,13G42,GBBG,5,15,2013,42.98913,-70.6162,Rock_Vegetated,131,FMS Transect 5
,,2092,2M8,,,2133830957,6EL,13G43,GBBG,5,15,2013,42.98977,-70.61698,,1,FMS Transect 5
,,1861,3R1,,,,,13G44,GBBG,5,15,2013,42.99099,-70.61674,,1,Sandpiper Beach
,,1876,4R7,,,1697,4K2,13G45,GBBG,5,15,2013,42.99099,-70.61664,Grass,131,Larus Ledge
,,2097,3M2,,,,,13G46,GBBG,5,15,2013,42.99122,-70.61656,Rock_Vegetated,131,Larus Ledge
,,1863,3R3,,,,,13G47,GBBG,5,15,2013,42.99131,-70.61642,Grass,131,Larus Ledge
,,2113,6M5,,,2107,4M1,13G48,GBBG,5,15,2013,42.9919,-70.61375,,1,Siren's Cove and Ridge
,,2108,4M2,,,2112,6M4,13G49,GBBG,5,15,2013,42.99196,-70.61366,,1,Siren's Cove and Ridge
,,2129,5M1,,,1676,2K9,13G50,GBBG,5,16,2013,,,,1,Sunset Pavilion
,,1355,6P2,,,1324,5 E 7,13G51,GBBG,5,15,2013,42.98873,-70.6152,,1,Dive Locker
,,54,2K4,,,2077,2M4,13G52,GBBG,5,16,2013,42.98873,-70.61145,,1,Gerry's Ridge
,,2087,2M5,,,,,13G53,GBBG,5,16,2013,42.98868,-70.61103,Grass,131,Gerry's Ridge
,,2102,3M5,,,,,13G54,GBBG,5,16,2013,42.99035,-70.61301,,1,Norwegian Cove
,,1773,0F0,,,1674,2K8,13G55,GBBG,5,16,2013,42.98911,-70.61344,,1,Incinerator Ridge
,,1677,3K1,,,,,13G56,GBBG,5,16,2013,42.98889,-70.61249,Rock_Vegetated,131,Incinerator Ridge
,,1356,4P4,,,,,13G57,GBBG,5,16,2013,42.98879,-70.61236,,1,Incinerator Ridge
,,1283,3P9,,,1264,1 E 7,13G58,GBBG,5,16,2013,42.98883,-70.61141,,1,Incinerator Ridge
,,1100,5A0,,,,,13G59,GBBG,5,16,2013,42.98867,-70.61173,,1,Incinerator Ridge
,,1060,1A0,,,,,13G60,GBBG,5,16,2013,42.98861,-70.61121,,1,Gerry's Ridge
,,1167,1C9,,,,,13G62,GBBG,5,16,2013,42.98846,-70.61113,Grass,131,Gerry's Ridge
,,1296,9 E 4,,,,,13G63,GBBG,5,16,2013,42.98605,-70.61144,,1,FMS Transect 24
,,1707,9K5,,,1701,9K7,13G64,GBBG,5,16,2013,42.98566,-70.61832,,1,FMS Transect 27
,,1665,1K9,,,1780,9F6,13G65,GBBG,5,16,2013,,,,1,Road: SML dock to Laighton
,,2114,4M4,,,,,13G66,GBBG,5,17,2013,42.9919,-70.61308,,1,Siren's Cove and Ridge
,,2106,4M0,,,,,13G67,GBBG,5,17,2013,42.9916,-70.61506,,1,Trail: Grass Lab to Devil's Dance Floor
,,2095,3M0,,,,,13G69,GBBG,5,17,2013,42.99054,-70.61669,,1,Sandpiper Beach
,,1685,4K8,,,,,13G70,GBBG,5,17,2013,42.99032,-70.61662,,1,Road: Sandpiper Beach Road
,,1455,3N8,,,,,13G71,GBBG,5,17,2013,42.98938,-70.61673,,1,FMS Transect 5
,,1561,1N4,,,,,13G72,GBBG,5,17,2013,42.989,-70.6168,,1,Dive Locker
,,2094,2M9,,,1304,7P2,13G73,GBBG,5,17,2013,42.98922,-70.61557,,1,Grass Lab
,,2124,4M7,,,,,13G74,GBBG,5,18,2013,,,,1,
,,1269,2 E 2,,,,,13G75,GBBG,5,17,2013,42.98697,-70.6158,,1,Sunset Pavilion
,,1784,5K4,,,1538,5P6,13G77,GBBG,5,17,2013,42.98841,-70.61207,,1,Trail: Bartels to Bench
,,1834,0R4,,,,,13G78,GBBG,5,18,2013,42.98754,-70.61607,,1,Road: SML dock to Laighton
,,1782,3K8,,,,,13G79,GBBG,5,18,2013,,,,1,SML Dock
,,1775,8F3,,,,,13G81,GBBG,5,18,2013,42.98742,-70.61312,,1,Bartels
,,2106283096,8X2,,,,,13G82,GBBG,5,18,2013,42.98935,-70.61635,,1,Grass Lab
,,1123,7A3,,,,,13G84,GBBG,5,19,2013,42.98696,-70.61552,,1,PK - Radar Tower
,,2073,2M0,,,,,13G651,GBBG,5,17,2013,42.98962,-70.61323,,1,Broad Cove
,,1560,1N3,,,,,14G1,GBBG,5,19,2014,42.98907,-70.61603,,1,FMS Transect 4
,,1368,2H1,,,,,14G2,GBBG,5,19,2014,42.98908,-70.61614,,1,FMS Transect 4
,,1686,4K9,,,,,14G3,GBBG,5,19,2014,42.98913,-70.6162,,1,FMS Transect 5
,,61,2R7,,,,,14G4,GBBG,5,19,2014,42.98931,-70.61647,,1,FMS Transect 5
,,1406,5H9,,,,,14G5,GBBG,5,19,2014,42.98938,-70.6162,,1,FMS Transect 5
,,1585,3P2,,,1840,1R0,14G6,GBBG,5,19,2014,42.98803,-70.61584,,1,Road: SML dock to high tide pier
,,17,9X6,,,,,14G7,GBBG,5,19,2014,42.9884,-70.61576,,1,High Tide Pier
,,1239,9C2,,,,,14G8,GBBG,5,19,2014,42.98875,-70.537,,1,Dive Locker
,,2122,4M5,,,1979348000,9U0,14G9,GBBG,5,19,2014,42.98875,-70.98875,,1,
,,1355,6P2,,,1427661090,7U3,14G10,GBBG,5,19,2014,42.98869,-70.61524,,1,
,,1834,0R4,,,-266898548,9X3,14G11,GBBG,5,19,2014,42.98732,-70.61659,,1,Road: SML dock to high tide pier
,,-1954663270,0X0,,,,,14G12,GBBG,5,19,2014,42.98726,-70.61668,,1,SML Dock
,,2030,9M4,,,,,14G13,GBBG,5,19,2014,42.98724,-70.61697,,1,SML Dock
,,1870,4R2,,,1111,6A1,14G14,GBBG,5,19,2014,42.98713,-70.61645,,1,Kingsbury House
,,1235,8C7,,,460590804,7U5,14G15,GBBG,5,20,2014,42.98822,-70.61584,,1,High Tide Pier
,,1509,0P3,,,,,14G16,GBBG,5,20,2014,42.98856,-70.61541,,1,Road: High Tide Pier to Grass Lab
,,1778,9F2,,,,,14G17,GBBG,5,20,2014,42.98715,-70.61575,,1,PK - Radar Tower
,,1613,2F1,,,,,14G18,GBBG,5,20,2014,42.98653,-70.61783,,1,FMS Transect 28
,,2148,6M1,,,1276,2 E 9,14G19,GBBG,5,20,2014,42.98653,-70.61778,,1,FMS Transect 28
,,1706,9K4,,,,,14G20,GBBG,5,20,2014,42.986,-70.61829,,1,FMS Transect 27
,,1696,4K1,,,1841,1R1,14G21,GBBG,5,20,2014,42.98587,-70.6183,,1,FMS Transect 27
,,1844,1R4,,,1663,1K7,14G22,GBBG,5,20,2014,42.98693,-70.61574,,1,Sunset Pavilion
,,1668,2K2,,,,,14G23,GBBG,5,20,2014,42.98688,-70.6147,,1,Dorm 2
,,1136,8A6,,,,,14G24,GBBG,5,20,2014,42.98717,-70.61343,,1,Bartels
,,1676,2K9,,,,,14G25,GBBG,5,20,2014,42.98942,-70.61364,,1,Broad Cove
,,2073,2M0,,,,,14G26,GBBG,5,20,2014,42.98964,-70.61324,,1,Norwegian Cove
,,1437,9 E 0,,,,,14G27,GBBG,5,20,2014,42.99007,-70.61312,,1,Norwegian Cove
,,2112,6M4,,,2108,4M2,14G28,GBBG,5,20,2014,42.99184,-70.6138,,1,Siren's Cove and Ridge
,,1269,2 E 2,,,,,14G29,GBBG,5,21,2014,42.98692,-70.6157,,1,Sunset Pavilion
,,1672,2K6,,,2129,5M1,14G30,GBBG,5,21,2014,42.98686,-70.61595,,1,Sunset Pavilion
,,1161,1C3,,,799864654,7U6,14G31,GBBG,5,21,2014,42.9894,-70.6161,,1,Celia's Garden
,,2092,2M8,,,,,14G32,GBBG,5,21,2014,42.98968,-70.61676,,1,Road: Sandpiper Beach Road
,,1859,2R9,,,1228,8C0,14G33,GBBG,5,21,2014,42.99037,-70.61674,,1,Sandpiper Beach
,,1861,3R1,,,,,14G34,GBBG,5,21,2014,42.99083,-70.61676,,1,Larus Ledge
,,1864,3R4,,,,,14G36,GBBG,5,21,2014,42.99138,-70.61652,,1,Larus Ledge
,,20,4R8,,,,,14G37,GBBG,5,21,2014,42.98866,-70.61176,,1,Trail: Bartels to Bench
,,1529,2P3,,,,,14G38,GBBG,5,21,2014,42.98884,-70.61225,,1,Incinerator Ridge
,,17,9X6,,,,,14G39,GBBG,5,21,2014,42.98891,-70.61261,,1,Incinerator Ridge
,,1782,3K8,,,,,14G40,GBBG,5,23,2014,42.98754,-70.6161,,1,SML Dock
,,2059,1M7,,,1502,7P0,14G41,GBBG,5,23,2014,42.98713,-70.61702,,1,Road: SML dock to high tide pier
,,1664,1K8,,,,,14G42,GBBG,5,24,2014,42.987,-70.61548,,1,PK - Radar Tower
,,1427,8 E 1,,,,,14G43,GBBG,5,25,2014,42.99189,-70.61334,,1,Siren's Cove and Ridge
,,2110,4M3,,,,,14G44,GBBG,5,25,2014,42.99192,-70.61378,,1,Siren's Cove and Ridge
,,2102,3M5,,,,,14G45,GBBG,5,25,2014,42.994,-70.61306,,1,FMS Transect 14
,,1797,8K6,,,,,14G46,GBBG,5,27,2014,42.98793,-70.61382,,131,Kiggins Commons
,,2083,3M8,,,-362887394,7U4,14G47,GBBG,5,29,2014,42.9882,-70.61577,,1,High Tide Pier
,,1600,0F6,,,,,14G48,GBBG,5,31,2014,42.98908,-70.61559,,1,Grass Lab
,,2091,2M7,,,,,14G50,GBBG,5,27,2014,42.98938,-70.6167,,152,FMS Transect 5
,,2084,2M2,,,,,14G51,GBBG,5,27,2014,42.98928,-70.61639,,151,FMS Transect 5
,,1554,0N7,,,,,14G52,GBBG,5,31,2014,42.98846,-70.61572,,1,High Tide Pier
,,1866,3R6,,,,,14G53,GBBG,5,27,2014,42.99155,-70.6163,,1,Larus Ledge
,,1691,3K6,,,,,14G54,GBBG,5,29,2014,42.98848,-70.61564,,1,High Tide Pier
-1248064832,2017-17249,-1248064832,2Z3,-782574597,2017-17268,-782574597,1Z7,15G600,GBBG,5,26,2015,42.98742,-70.6153,,131,Laighton
1382087576,2017-17271,1382087576,2Z5,,,,,15G601,GBBG,5,26,2015,42.98932,-70.6165,,131,Road: Sandpiper Beach Road
-1020843325,2017-15998,-1020843325,2Z2,,,,,15G602,GBBG,5,26,2015,42.98856,-70.61538,,131,High Tide Pier
-1532809145,2017-17248,-1532809145,2Z4,,,,,15G603,GBBG,5,26,2015,42.98857,-70.61529,,131,High Tide Pier
1556270029,2017-17265,1556270029,1Z5,-416175085,2017-17262,-416175085,2Z0,15G604,GBBG,5,26,2015,42.98887,-70.61517,,131,High Tide Pier
,,1406,5H9,,,,,15G605,GBBG,5,27,2015,42.98935,-70.61627,,131,Grass Lab
,,1759,0J2,,,,,15G607,GBBG,5,27,2015,42.98907,-70.61618,,131,Grass Lab
,,1277,3 E 1,,,,,15G609,GBBG,5,27,2015,42.98861,-70.6153,,131,Dive Locker
,,1564,1N7,,,,,15G610,GBBG,5,27,2015,42.98858,-70.61571,,131,High Tide Pier
,,460590804,7U5,,,,,15G611,GBBG,5,27,2015,42.98819,-70.61593,,131,High Tide Pier
,,-362887394,7U4,,,,,15G612,GBBG,5,27,2015,42.98818,-70.61584,,131,High Tide Pier
,,1840,1R0,,,1585,3P2,15G613,GBBG,5,27,2015,42.98801,-70.61588,,131,Road: SML dock to high tide pier
,,-1954663270,0X0,,,,,15G614,GBBG,5,27,2015,42.98714,-70.61706,,131,SML Dock
,,2126,4M9,,,,,15G615,GBBG,5,27,2015,42.98724,-70.61696,,131,SML Dock
,,1834,0R4,,,-266898548,9X3,15G616,GBBG,5,27,2015,42.98737,-70.61664,,131,Road: SML dock to high tide pier
,,1564,1N7,,,2059,1M7,15G617,GBBG,5,27,2015,42.98758,-70.61611,,131,Road: SML dock to high tide pier
1795,1997-02065,1795,5Z1,1930797709,2017-17264,1930797709,1Z4,15G618,GBBG,5,28,2015,42.98721,-70.61677,,131,Road: SML dock to high tide pier
-920858149,2017-17277,-920858149,5Z2,,,,,15G619,GBBG,5,28,2015,42.9881,-70.61578,,131,Road: SML dock to high tide pier
,,1276,2 E 9,,,,,15G620,GBBG,5,28,2015,42.98652,-70.61783,,131,
1463201175,2017-17250,1463201175,2Z1,,,,,15G621,GBBG,5,28,2015,42.98624,-70.61816,,131,Gerry's Ridge
-590538879,2017-17290,-590538879,5Z3,,,,,15G622,GBBG,5,28,2015,42.98691,-70.61589,,131,Sunset Pavilion
-1031381937,2017-17236,-1031381937,4Z9,,,,,15G623,GBBG,5,28,2015,42.98706,-70.61601,,131,Sunset Pavilion
204535573,2017-17240,204535573,4Z1,,,,,15G624,GBBG,5,28,2015,42.98819,-70.61567,,131,High Tide Pier
-1821546677,2017-17239,-1821546677,4Z2,,,,,15G625,GBBG,5,28,2015,42.98819,-70.61542,,131,Dive Locker
1700645277,2017-17266,1700645277,9Z6,897839473,2017-17245,897839473,4Z8,15G626,GBBG,5,28,2015,42.98879,-70.61161,,131,Gerry's Ridge
2133830491,2017-17243,-577587847,8Z5,,,,,15G627,GBBG,5,28,2015,42.98899,-70.61147,,131,Gerry's Ridge
2133830490,2017-17247,2038930707,9Z5,,,,,15G628,GBBG,5,28,2015,42.98858,-70.61097,,131,Gerry's Ridge
,,1682,4K4,,,,,15G629,GBBG,5,28,2015,42.99152,-70.61223,,131,
,,1891,6R3,,,,,15G630,GBBG,5,27,2015,42.98909,-70.61617,,131,High Tide Pier
,,1701,9K7,,,,,15G631,GBBG,5,29,2015,42.98919,-70.61359,,131,Broad Cove
204535573,2017-17240,,4Z3,,,,,15G632,GBBG,5,29,2015,42.98934,-70.61372,,131,Broad Cove
,,1674,2K8,,,,,15G633,GBBG,5,29,2015,42.98912,-70.61343,,131,Broad Cove
-218494185,2017-17241,-218494185,4Z4,,,,,15G634,GBBG,5,29,2015,42.99023,-70.61318,,131,Norwegian Cove
,,2102,3M5,,,,,15G635,GBBG,5,29,2015,42.99035,-70.61302,,131,Norwegian Cove
2133830491,2017-17243,2133830491,4Z5,,,,,15G636,GBBG,5,29,2015,42.99053,-70.61319,,131,Norwegian Cove
671009731,2017-17244,671009731,4Z6,,,,,15G637,GBBG,5,29,2015,42.99073,-70.61318,,131,Norwegian Cove
-1909308503,2017-17280,-1909308503,8Z7,,,,,15G638,GBBG,5,29,2015,42.99103,-70.61298,,131,Norwegian Cove
-57453057,2017-17278,-57453057,8Z8,,,,,15G639,GBBG,5,29,2015,42.99179,-70.61329,,131,Norwegian Cove
,,20,4R8,2081820181,2017-17246,2081820181,5Z0,15G642,GBBG,5,29,2015,42.98864,-70.61179,,131,Trail: Bartels to Bench
,,1677,3K1,,,,,15G643,GBBG,5,29,2015,42.98906,-70.61293,,131,Incinerator Ridge
-95136181,2017-17279,-95136181,4Z7,,,,,15G644,GBBG,5,30,2015,42.98891,-70.6121,,131,Incinerator Ridge
402186115,2017-17276,402186115,9Z4,,,1357,4P3,15G646,GBBG,5,30,2015,42.98744,-70.61311,,131,Bartels
-121353814,2017-17294,-121353814,9Z2,,,1630,3F7,15G647,GBBG,5,30,2015,42.98814,-70.6184,,131,Gerry's Ridge
-767447064,2017-17269,-767447064,9Z3,,,,,15G648,GBBG,5,30,2015,42.98851,-70.6112,,131,Gerry's Ridge
-987449258,2017-17231,-987449258,5Z9,,,,,15G649,GBBG,5,30,2015,42.98851,-70.6112,,131,Gerry's Ridge
,,1290,3P8,,,,,15G650,GBBG,5,30,2015,42.99014,-70.61308,,131,Norwegian Cove
,,1824,6K8,,,,,15G651,GBBG,5,30,2015,42.99029,-70.61313,,131,Norwegian Cove
,,1427,8 E 1,,,,,15G652,GBBG,5,30,2015,42.99186,-70.61343,,131,FMS Transect 14
,,54,2K4,,,,,15G653,GBBG,5,29,2015,42.98871,-70.61155,,131,Trail: Bartels to Bench
,,1529,2P3,,,,,15G654,GBBG,5,29,2015,42.98883,-70.61224,,131,Incinerator Ridge
,,1545,3P5,,,1536,6P5,15G655,GBBG,5,29,2015,42.9892,-70.61376,,131,Broad Cove
,,2112,6M4,,,2108,4M2,15G656,GBBG,5,30,2015,42.99197,-70.61362,,131,FMS Transect 14
,,1797,8K6,,,,,15G661,GBBG,5,30,2015,42.98781,-70.61399,,131,Kiggins Commons
,,1576,2N9,,,,,15G662,GBBG,5,30,2015,42.98795,-70.61366,,131,Kiggins Commons
,,1495,8N8,,,,,15G663,GBBG,5,30,2015,42.98639,-70.61111,,131,Halftide Ledges
,,1296,9 E 4,,,,,15G664,GBBG,5,30,2015,42.98608,-70.61147,,131,Halftide Ledges
,,1663,1K7,,,,,15G665,GBBG,5,30,2015,42.98696,-70.6158,,131,Sunset Pavilion
,,1269,2 E 2,,,,,15G666,GBBG,5,30,2015,42.98694,-70.61581,,131,Sunset Pavilion
,,1665,1K9,,,,,15G667,GBBG,5,31,2015,,,,131,Road: SML dock to Laighton
,,1582,4P9,,,,,15G668,GBBG,5,31,2015,,,,131,Bartels
,,2148,6M1,,,1276,2 E 9,15G669,GBBG,5,30,2015,42.98656,-70.61797,,131,SML Dock
,,1834,0R4,,,2133830610,9EH,16G1,GBBG,5,20,2016,42.98724,-70.61673,,131,Road: SML dock to Laighton
-266898548,2017-15845,-266898548,9X3,,,,,16G2,GBBG,5,20,2016,42.98732,-70.61662,,131,Road: SML dock to Laighton
1502,1777-28055,1502,7P0,2059,1997-12812,2059,1M7,16G3,GBBG,5,20,2016,42.98758,-70.61606,,131,Road: SML dock to Laighton
1840,1997-12610,1840,1R0,1585,1777-28138,1585,3P2,16G4,GBBG,5,20,2016,42.98801,-70.61583,,131,Road: SML dock to high tide pier
-920858149,2017-17277,-920858149,5Z2,,,,,16G5,GBBG,5,2,2016,42.98808,-70.61579,,1,Road: SML dock to high tide pier
1555,1777-28108,1555,3M7,,,,,16G6,GBBG,5,20,2016,42.98812,-70.61577,,131,Road: SML dock to high tide pier
204535573,2017-17240,204535573,4Z1,,,,,16G7,GBBG,5,20,2016,42.98824,-70.61572,,131,Road: SML dock to high tide pier
1582,1777-28135,1582,4P9,,,,,16G8,GBBG,5,20,2016,42.98711,-70.61342,,131,Bartels
1587,1777-28140,1587,6P7,,,,,16G9,GBBG,5,20,2016,42.98699,-70.6144,,131,Dorm 3
1269,1777-14022,1269,2 E 2,,,,,16G10,GBBG,5,20,2016,42.98691,-70.61581,,131,Sunset Pavilion
-1031381937,2017-17236,-1031381937,4Z9,,,,,16G11,GBBG,5,20,2016,42.98717,-70.61613,,131,Sunset Pavilion
1987,1997-12757,1987,5T9,,,,,16G12,GBBG,5,20,2016,42.98692,-70.61602,,131,Sunset Pavilion
-782574597,2017-17268,-782574597,1Z7,,,-1248064832,2Z3,16G13,GBBG,5,20,2016,42.98739,-70.6153,,131,Laighton
1870,1997-12640,1870,4R2,,,,,16G16,GBBG,5,20,2016,42.98685,-70.61596,,131,Sunset Pavilion
2436,1997-12592,2436,9X4,,,,,16G17,GBBG,5,20,2016,42.98759,-70.61536,,131,Laighton
1427661090,2017-17300,1427661090,7U3,1355,1777-14108,1355,6P2,16G19,GBBG,5,20,2016,42.98868,-70.61519,,131,Road: High Tide Pier to Grass Lab
-1821546677,2017-17239,-1821546677,4Z2,1509,1777-28062,1509,0P3,16G20,GBBG,5,20,2016,42.98861,-70.61543,,131,High Tide Pier
1547,1777-28100,1547,3P3,1528,1777-28081,1528,2P2,16G21,GBBG,5,20,2016,42.98856,-70.61546,,131,High Tide Pier
2425,1997-12591,2425,0X5,,,,,16G22,GBBG,5,20,2016,42.98832,-70.61565,,131,High Tide Pier
460590804,2017-15878,460590804,7U5,1235,1777-08287,1235,8C7,16G23,GBBG,5,20,2016,42.98825,-70.61582,,131,High Tide Pier
1759,1997-02029,1759,0J2,1415,1777-14168,1415,6 E 8,16G25,GBBG,5,21,2016,42.98923,-70.61595,,131,Grass Lab
1554,1777-28107,1554,0N7,,,,,16G27,GBBG,5,21,2016,42.98849,-70.61571,,131,Grass Lab
2133830508,2017-25553,2133830508,7AE,,,,,16G31,GBBG,5,17,2016,42.99184,-70.16355,,131,Siren's Cove and Ridge
1382087576,2017-17271,1382087576,2Z5,,,,,16G32,GBBG,5,22,2016,42.98933,-70.61649,,131,FMS Transect 5
2092,1997-12823,2092,2M8,,,,,16G33,GBBG,5,21,2016,42.98979,-70.61698,,131,Sandpiper Beach
1877,1997-12647,1877,5R1,1852,1997-12622,1852,2R2,16G34,GBBG,5,21,2016,42.9899,-70.61703,,131,Sandpiper Beach
,,1978,5T0,,,,,16G38,GBBG,5,23,2016,42.99105,-70.61665,,131,Sandpiper Beach
2097,1997-12827,2097,3M2,,,,,16G40,GBBG,5,23,2016,42.99119,-70.61159,,131,Sandpiper Beach
1797,1997-02067,1797,8K6,,,,,16G46,GBBG,5,26,2016,42.98798,-70.61389,,131,Kiggins Commons
1357,1777-14110,1357,4P3,402186115,2017-17276,402186115,9Z4,16G47,GBBG,5,26,2016,42.98743,-70.6131,,131,Bartels
,,2133830611,4AV,,,,,16G50,GBBG,5,26,2016,42.98842,-70.61206,,131,Trail: Bartels to Bench
799864654,2017-15851,799864654,7U6,1161,1777-08213,1161,1C3,16G52,GBBG,5,26,2016,42.98938,-70.61607,,131,FMS Transect 5
,1770-08295,1242,9C5,,,,,16G53,GBBG,5,26,2016,42.98954,-70.61604,,131,Celia's Garden
,,1856,2R6,,,,,16G54,GBBG,5,26,2016,42.98968,-70.61594,,131,Celia's Garden
,,1277,3 E 1,,,,,16G55,GBBG,5,26,2016,42.98874,-70.61536,,131,Dive Locker
,,1916,8R8,,,,,16G59,GBBG,,,2016,42.98837,-70.61575,,1,High Tide Pier
,,1767,8F7,,,,,16G60,GBBG,6,1,2016,42.98845,-70.6154,,131,Wastewater Treatment
,,-416175085,2Z0,,,,,16G61,GBBG,8,21,2016,42.98891,-70.6152,,131,Dive Locker
,,1158,0C9,,,,,16G62,GBBG,8,21,2016,42.99173,-70.6157,,131,North Head
,,1789,6K6,,,,,16G63,GBBG,8,21,2016,42.9924,-70.6152,,131,North Head
,,2157,6M6,,,,,16G64,GBBG,8,21,2016,42.99211,-70.6146,,131,Devil's Dance Floor
,,1959,3T1,,,,,16G65,GBBG,6,1,2016,42.99162,-70.6149,,131,Devil's Dance Floor
,,1290,3P8,,,,,16G66,GBBG,6,2,2016,42.99013,-70.6131,,131,Norwegian Cove
,,1437,9 E 0,,,,,16G67,GBBG,6,2,2016,42.99008,-70.6131,,131,Norwegian Cove
,,1485,6N9,,,,,16G68,GBBG,6,3,2016,42.99164,-70.613,,131,FMS Transect 14
,,2133830520,6EA,,,,,16G69,GBBG,6,3,2016,42.99182,-70.6133,,131,Siren's Cove and Ridge
,,1873,4R4,,,,,16G70,GBBG,6,3,2016,42.9902,-70.6168,,131,Sandpiper Beach
,,1677,3K1,,,,,16G72,GBBG,6,10,2016,42.98906,-70.6129,,131,Incinerator Ridge
,,1529,2P3,,,,,16G73,GBBG,6,10,2016,42.98888,-70.6123,,131,Incinerator Ridge
,,1835,0R5,,,,,16G74,GBBG,6,10,2016,42.98891,-70.6123,,131,Incinerator Ridge
,,-577587847,8Z5,,,,,16G75,GBBG,6,10,2016,42.98882,-70.6115,,131,Incinerator Ridge
,,897839473,4Z8,,,2133830548,1EF,16G76,GBBG,6,10,2016,42.98879,-70.6116,,1,
,,1167,1C9,,,,,16G77,GBBG,6,10,2016,42.98844,-70.6112,,131,Gerry's Ridge
,,-767447064,9Z3,,,,,16G78,GBBG,6,10,2016,42.9884,-70.611,,131,Gerry's Ridge
,,1495,8N8,,,,,16G79,GBBG,6,10,2016,42.98639,-70.6115,,131,Halftide Ledges
,,2133830557,9EF,,,,,16G80,GBBG,6,10,2016,42.9861,-70.6115,,131,Halftide Ledges
2133830493,2017-25558,2133830493,3AC,,,1891,6R3,16G100,GBBG,5,16,2016,42.98932,-70.61369,,131,Broad Cove
,,2133830494,4AC,,,1536,6P5,16G101,GBBG,5,16,2016,42.98899,-70.61382,,131,Broad Cove
2133830495,2017-25559,2133830495,5AC,,,1674,2K8,16G102,GBBG,5,16,2016,42.98909,-70.61344,,131,Broad Cove
2133830497,2017-25560,2133830497,6AC,,,1691,3K6,16G103,GBBG,5,16,2016,42.98848,-70.61567,,131,High Tide Pier
2133830498,2017-25561,2133830498,7AC,,,,,16G104,GBBG,5,17,2016,42.98853,-70.61501,,131,High Tide Pier
2133830499,2017-25562,2133830499,8AC,,,,,16G105,GBBG,5,17,2016,42.98916,-70.61572,,131,Grass Lab
2133830500,2017-25563,2133830500,9AC,,,1801,8K2,16G106,GBBG,5,17,2016,42.98936,-70.61636,,131,Grass Lab
2133830501,2017-25564,2133830501,0AC,,,,,16G107,GBBG,5,17,2016,42.98957,-70.6167,,131,Grass Lab
2133830502,2017-25565,2133830502,1AE,2133830543,2017-17345,2133830543,0EE,16G108,GBBG,5,17,2016,42.98739,-70.61373,,131,Dorm 2
2133830504,2017-25569,2133830504,5AE,2133830544,2017-17328,2133830544,2EE,16G109,GBBG,5,17,2016,42.98712,-70.61395,,131,Dorm 2
2133830505,2017-25566,2133830505,2AE,,,,,16G110,GBBG,5,17,2016,42.9871,-70.61376,,131,Dorm 2
2133830506,2017-25551,2133830506,3AE,,,1459,6N2,16G111,GBBG,5,17,2016,42.98794,-70.61361,,131,Kiggins Commons
2133830507,2017-25552,2133830507,4AE,,,,,16G112,GBBG,5,17,2016,42.99181,-70.61433,,131,Devil's Dance Floor
2133830509,2017-25555,2133830509,8AE,,,,,16G113,GBBG,5,17,2016,42.99192,-70.61371,,131,Siren's Cove and Ridge
2133830510,2017-25556,2133830510,9AE,2133830523,2017-17309,2133830523,9EA,16G115,GBBG,5,17,2016,42.99168,-70.61356,,131,Siren's Cove and Ridge
2133830511,2017-25557,2133830511,0AE,2133830524,2017-17307,2133830524,0EA,16G116,GBBG,5,17,2016,42.99166,-70.61364,Rock_Vegetated,131,Siren's Cove and Ridge
2133830512,2017-25567,2133830512,1EA,,,,,16G117,GBBG,5,17,2016,42.99173,-70.61343,,131,Siren's Cove and Ridge
2133830513,2017-25568,2133830513,2EA,,,,,16G118,GBBG,5,17,2016,42.99179,-70.61348,,131,Siren's Cove and Ridge
2133830514,2017-25570,2133830514,3EA,2133830522,2017-25579,2133830522,8EA,16G119,GBBG,5,17,2016,42.99184,-70.61343,,131,Siren's Cove and Ridge
2133830515,2017-25577,2133830515,4EA,,,,,16G120,GBBG,5,17,2016,42.99176,-70.61339,,131,Siren's Cove and Ridge
2133830518,2017-17302,2133830518,6EC,,,2133830554,7EF,16G121,GBBG,5,18,2016,42.99189,-70.6133,,131,Siren's Cove and Ridge
2133830519,2017-25578,2133830519,5EA,,,,,16G122,GBBG,5,18,2016,42.99183,-70.61329,,131,Siren's Cove and Ridge
2133830521,2017-25580,2133830521,7EA,,,,,16G124,GBBG,5,18,2016,42.99168,-70.6135,,131,Siren's Cove and Ridge
2133830525,2017-17301,2133830525,0EH,,,,,16G125,GBBG,5,18,2016,42.99194,-70.61361,,131,Siren's Cove and Ridge
,,2110,4M3,,,2133830526,1EC,16G126,GBBG,5,21,2016,42.99195,-70.61379,,131,Siren's Cove and Ridge
2133830527,2017-17306,2133830527,2EC,,,,,16G127,GBBG,5,18,2016,42.99194,-70.61355,,131,Siren's Cove and Ridge
2133830530,2017-17305,2133830530,3EC,,,1844,1R4,16G128,GBBG,5,18,2016,42.98695,-70.61585,,131,Sunset Pavilion
2133830531,2017-17314,2133830531,1EE,,,1930,0T2,16G129,GBBG,5,18,2016,42.9869,-70.6158,,131,Sunset Pavilion
2133830532,2017-17304,2133830532,4EC,,,,,16G130,GBBG,5,18,2016,42.98785,-70.61496,,131,Sunset Pavilion
2133830533,2017-17303,2133830533,5EC,,,,,16G131,GBBG,5,18,2016,42.98715,-70.61709,,1,SML Dock
2133830534,2017-17310,2133830518,6EC,,,,,16G132,GBBG,5,18,2016,42.98627,-70.6181,,131,FMS Transect 28
2133830535,2017-17313,2133830535,9EC,,,,,16G133,GBBG,5,19,2016,42.99054,-70.61671,,131,Sandpiper Beach
2133830536,2017-17311,2133830536,3EE,,,1875,4R6,16G134,GBBG,5,19,2016,42.99177,-70.61671,,131,Sandpiper Beach
2133830537,2017-17315,2133830537,4EE,,,,,16G135,GBBG,5,19,2016,42.99067,-70.61666,,131,Sandpiper Beach
2133830538,2017-17316,2133830538,5EE,,,1877,5R1,16G136,GBBG,5,19,2016,42.99085,-70.61665,,131,Sandpiper Beach
2133830539,2017-17317,2133830539,6EE,,,,,16G137,GBBG,5,19,2016,42.99029,-70.61683,,131,Sandpiper Beach
2133830540,2017-17318,2133830540,7EE,,,1735,5F6,16G138,GBBG,5,19,2016,42.9908,-70.61671,,131,Sandpiper Beach
2133830541,2017-17319,2133830541,8EE,,,,,16G139,GBBG,5,19,2016,42.99088,-70.61675,,131,Sandpiper Beach
2133830542,2017-17320,2133830542,9EE,,,1738,5F9,16G140,GBBG,5,19,2016,42.99097,-70.61665,,131,Sandpiper Beach
2133830546,2017-17344,2133830546,0EF,,,,,16G141,GBBG,5,19,2016,42.98796,-70.61047,,131,Herring Gull Canyon
2133830547,2017-17329,2133830547,1EH,,,,,16G142,GBBG,5,19,2016,42.98838,-70.61098,,131,Gerry's Ridge
2133830548,2017-17330,2133830549,2EF,,,,,16G143,GBBG,5,19,2016,42.98877,-70.61161,,131,Incinerator Ridge
2133830549,2017-17331,2133830550,3EF,,,,,16G144,GBBG,5,19,2016,42.98883,-70.61142,,131,Incinerator Ridge
2133830550,2017-17332,2133830550,3EF,,,,,16G145,GBBG,5,19,2016,42.98884,-70.61135,,131,Incinerator Ridge
2133830551,2017-17321,2133830551,4EF,,,2112,6M4,16G146,GBBG,5,20,2016,42.99195,-70.61362,,131,Siren's Cove and Ridge
2133830552,2017-17322,2133830552,5EF,,,,,16G147,GBBG,5,20,2016,42.99194,-70.61356,,131,Siren's Cove and Ridge
2133830553,2017-17323,2133830553,6EF,,,,,16G148,GBBG,5,20,2016,42.99186,-70.61344,,131,Siren's Cove and Ridge
2133830554,2017-17324,2133830554,7EF,,,,,16G149,GBBG,5,20,2016,42.99185,-70.61333,,131,Siren's Cove and Ridge
2133830555,2017-17325,2133830555,8EF,,,,,16G150,GBBG,5,20,2016,42.99039,-70.61536,,131,Old Reservoir
2133830557,2017-17326,2133830557,9EF,,,,,16G151,GBBG,5,20,2016,42.98721,-70.61563,,131,Road: SML dock to Laighton
,,2133830612,3AV,,,,,16G155,GBBG,6,5,2016,42.99176,-70.6135,,131,Siren's Cove and Ridge
,,2102,3M5,,,,,16G160,GBBG,7,,2016,42.99038,-70.613,,131,Norwegian Cove
,,2126,4M9,,,,,16G163,GBBG,7,12,2016,42.98737,-70.61689,,131,SML Dock
,,2038930707,9Z5,,,,,16G200,GBBG,7,11,2016,42.9885,-70.61155,,131,Gerry's Ridge
,,2087,2M5,,,,,16G201,GBBG,7,12,2016,42.9887,-70.61086,,131,Gerry's Ridge
,,1634,4F1,,,,,16G203,GBBG,6,,2016,42.9887,-70.6109,,155,Gerry's Ridge
,,1884,5R6,,,,,16G300,GBBG,6,,2016,42.98939,-70.6135,,131,Broad Cove
,,2133830505,2AE,,,,,17G01,GBBG,5,14,2017,42.98705,-70.61418,,131,Dorm 2
,,-416175085,2Z0,,,1556270029,1Z5,17G02,GBBG,5,15,2017,42.98889,-70.61517,Under_Building,131,Road: High Tide Pier to Grass Lab
,,1509,0P3,,,-1821546677,4Z2,17G03,GBBG,5,15,2017,42.98859,-70.61542,,131,Road: High Tide Pier to Grass Lab
1277,1777-14030,1277,0EU,,,,UB,17G04,GBBG,5,15,2017,42.98874,-70.61534,Pebbles_Vegetated,131,Dive Locker
,,2133830497,6AC,,,1691,3K6,17G05,GBBG,5,15,2017,42.98854,-70.6157,,131,High Tide Pier
,,1554,0N7,,,,,17G06,GBBG,5,15,2017,42.98852,-70.61573,,131,High Tide Pier
,,1837,0R7,,,,,17G07,GBBG,5,15,2017,42.98857,-70.61568,,131,High Tide Pier
,,204535573,4Z1,,,2133830953,4EU,17G08,GBBG,5,15,2017,42.98823,-70.61572,,131,High Tide Pier
,,2083,3M8,,,,,17G09,GBBG,5,15,2017,42.98821,-70.61578,,131,High Tide Pier
,,1235,8C7,,,460590804,7U5,17G10,GBBG,5,15,2017,42.98823,-70.61578,,131,High Tide Pier
,,1585,3P2,,,1840,1R0,17G11,GBBG,5,15,2017,42.98802,-70.61583,,131,Road: SML dock to high tide pier
,,1502,7P0,,,2059,1M7,17G12,GBBG,5,15,2017,42.98755,-70.61607,,1,Road: SML dock to high tide pier
,,2126,4M9,,,,,17G13,GBBG,5,15,2017,42.98733,-70.61681,,1,SML Dock
,,2148,6M1,,,1276,5EL,17G14,GBBG,5,15,2017,42.98651,-70.61777,,131,FMS Transect 28
,,1665,1K9,,,2133830557,9EF,17G15,GBBG,5,15,2017,42.98699,-70.61553,,1,PK - Radar Tower
,,2133830502,1AE,,,2133830543,0EE,17G16,GBBG,5,15,2017,42.98752,-70.61368,,1,Dorm 1
,,1714,9P3,,,1797,8K6,17G17,GBBG,5,15,2017,42.988,-70.61385,,1,Kiggins Commons
,,2133830506,3AE,,,1459,6N2,17G18,GBBG,5,15,2017,42.98796,-70.61362,,1,Kiggins Commons
,,2133830493,3AC,,,1891,6R3,17G19,GBBG,5,15,2017,42.98939,-70.61363,,1,Broad Cove
,,1674,2K8,,,,,17G20,GBBG,5,15,2017,42.98909,-70.61343,,1,Broad Cove
,,2073,2M0,,,,,17G21,GBBG,5,15,2017,42.98885,-70.61171,,1,Incinerator Ridge
,,2133830548,1EF,,,,,17G22,GBBG,5,15,2017,42.98877,-70.61162,,1,Incinerator Ridge
,,1637,4F4,,,,,17G23,GBBG,5,15,2017,42.98886,-70.61134,,1,Trail: Bartels to Bench
,,-121353814,9Z2,,,1630,3F7,17G24,GBBG,5,15,2017,42.98869,-70.61103,,131,Gerry's Ridge
,,2087,2M5,,,,,17G25,GBBG,5,15,2017,42.98864,-70.61104,,1,Gerry's Ridge
,,2133830947,8ET,,,,,17G26,GBBG,5,15,2017,42.98815,-70.61581,,1,High Tide Pier
,,2133830945,1ET,,,2425,0X5,17G27,GBBG,5,15,2017,42.98799,-70.61504,,1,High Tide Pier
,,2133830946,2ET,,,1555,3M7,17G28,GBBG,5,15,2017,42.98812,-70.6158,,1,High Tide Pier
,,1759,0J2,,,1961,3T3,17G29,GBBG,5,16,2017,42.98928,-70.61586,,131,Celia's Garden
,,799864654,7U6,,,1161,1C3,17G30,GBBG,5,16,2017,42.98936,-70.61609,,131,Grass Lab
,,1406,5H9,,,2133830956,5ER,17G31,GBBG,5,16,2017,42.98935,-70.6162,,131,Road: Sandpiper Beach Road
,,1801,8K2,,,2133830500,9AC,17G32,GBBG,5,16,2017,42.98936,-70.6163,,131,Road: Sandpiper Beach Road
,,1242,9C5,,,,,17G33,GBBG,5,16,2017,42.98951,-70.616,,131,Grass Lab
,,1382087576,2Z5,,,2133830955,8EU,17G34,GBBG,5,16,2017,42.98933,-70.61645,,131,FMS Transect 5
,,1343,3 E 6,,,,,17G35,GBBG,5,16,2017,42.98914,-70.61626,,131,FMS Transect 5
,,1873,4R4,,,2133830958,6ET,17G36,GBBG,5,16,2017,42.99013,-70.61683,,131,Road: Sandpiper Beach Road
,,1877,5R1,,,,,17G37,GBBG,5,16,2017,42.98993,-70.61696,,131,Road: Sandpiper Beach Road
,,1287,7 E 6,,,,,17G38,GBBG,5,16,2017,42.99073,-70.61497,,131,Trail: Grass Lab to Devil's Dance Floor
,,2092,2M8,,,2133830957,6EL,17G39,GBBG,5,16,2017,42.98979,-70.61695,,131,Road: Sandpiper Beach Road
,,2106,4M0,,,1959,3T1,17G40,GBBG,5,16,2017,42.99158,-70.61496,,131,Devil's Dance Floor
,,2133830948,2EU,,,2133830509,8AE,17G41,GBBG,5,16,2017,42.99172,-70.61386,,131,Siren's Cove and Ridge
,,1427661090,7U3,,,1355,6P2,17G42,GBBG,5,16,2017,42.98871,-70.61519,,131,High Tide Pier
,,2133830949,3ET,,,-266898548,9X3,17G43,GBBG,5,16,2017,42.98725,-70.6165,,131,Road: SML dock to high tide pier
,,2133830950,3EU,,,2133830964,8EX,17G44,GBBG,5,16,2017,42.98755,-70.61449,,131,Kiggins Commons
,,2133830951,4ER,,,,,17G45,GBBG,5,16,2017,42.98692,-70.61588,,131,Sunset Pavilion
,,1269,2 E 2,,,2133830959,9ET,17G46,GBBG,5,16,2017,42.98696,-70.61581,,131,Sunset Pavilion
,,2133830530,3EC,,,1844,1R4,17G47,GBBG,5,16,2017,42.98697,-70.61584,,131,Sunset Pavilion
,,-1031381937,4Z9,,,,,17G48,GBBG,5,17,2017,42.98694,-70.61605,,131,Sunset Pavilion
,,1987,5T9,,,,,17G49,GBBG,5,16,2017,42.9869,-70.61605,,131,Sunset Pavilion
,,1614,2F2,,,,,17G50,GBBG,5,16,2017,42.98687,-70.61597,,131,Sunset Pavilion
,,2133830952,4ET,,,2133830499,8AC,17G51,GBBG,5,16,2017,42.98896,-70.61541,,131,Dive Locker
,,2133830501,0AC,,,,,17G52,GBBG,5,16,2017,42.98958,-70.61673,,131,Road: Sandpiper Beach Road
,,1861,3R1,,,,,17G53,GBBG,5,16,2017,42.99695,-70.61671,,131,Road: Sandpiper Beach Road
,,2133830513,2EA,,,,,17G54,GBBG,5,17,2017,42.99174,-70.61345,,131,Siren's Cove and Ridge
,,2133830521,7EA,,,,,17G55,GBBG,5,17,2017,42.99166,-70.61349,,131,Siren's Cove and Ridge
,,2133830511,0AE,,,2133830524,0EA,17G56,GBBG,5,17,2017,42.99164,-70.61359,,131,Siren's Cove and Ridge
,,2133830523,9EA,,,,UB,17G57,GBBG,5,17,2017,42.99162,-70.61367,,131,Siren's Cove and Ridge
,,1485,6N9,,,,,17G58,GBBG,5,17,2017,42.99159,-70.61304,,131,Siren's Cove and Ridge
,,1824,6K8,,,,,17G59,GBBG,5,17,2017,42.99031,-70.61371,,131,Norwegian Cove
,,1437,9 E 0,,,,,17G60,GBBG,5,17,2017,42.9901,-70.61311,,131,Norwegian Cove
,,1411,6H4,,,,,17G61,GBBG,5,17,2017,42.99004,-70.61313,,131,Norwegian Cove
,,-1248064832,2Z3,,,,,17G62,GBBG,5,17,2017,42.98711,-70.61604,,131,Road: SML dock to Laighton
,,2133830954,5ET,,,2133830533,5EC,17G63,GBBG,5,17,2017,42.98715,-70.6171,,131,SML Dock
,,1290,3P8,,,2133830962,7ET,17G64,GBBG,5,17,2017,42.98967,-70.61457,,131,Ross's Pole Barn
,,2133830539,6EE,,,,,17G65,GBBG,5,17,2017,42.99028,-70.61682,,131,Road: Sandpiper Beach Road
,,2436,9X4,,,,,17G66,GBBG,5,17,2017,42.9872,-70.61565,,1,Road: SML dock to Laighton
,,1587,6P7,,,,,17G67,GBBG,5,17,2017,42.98699,-70.6144,,131,Dorm 3
,,1249673556,7X6,,,,,17G68,GBBG,5,17,2017,42.98851,-70.61562,,131,High Tide Pier
,,2108,4M2,,,2133830527,2EC,17G69,GBBG,5,17,2017,42.99191,-70.61363,,131,Siren's Cove and Ridge
,,2133830551,4EF,,,2112,6M4,17G70,GBBG,5,18,2017,42.99193,-70.61362,,131,Siren's Cove and Ridge
,,2133830552,5EF,,,,,17G71,GBBG,5,18,2017,42.99197,-70.61355,,1,
,,2133830961,6EU,,,,UB,17G72,GBBG,5,18,2017,42.99818,-70.61344,,131,Siren's Cove and Ridge
,,2133830519,5EA,,,,,17G73,GBBG,5,18,2017,42.99183,-70.61328,,131,Siren's Cove and Ridge
,,2133830515,4EA,,,,,17G74,GBBG,5,18,2017,42.99172,-70.61332,,131,Siren's Cove and Ridge
,,2133830512,1EA,,,,,17G75,GBBG,5,18,2017,42.99171,-70.61342,,131,Siren's Cove and Ridge
,,2133830963,7EU,,,,UB,17G76,GBBG,5,18,2017,42.99179,-70.61339,,131,Siren's Cove and Ridge
,,2235,1V2,,,,,17G77,GBBG,5,18,2017,42.98651,-70.6179,,131,FMS Transect 28
,,2133830966,1FH,,,,,17G78,GBBG,5,18,2017,42.98615,-70.61829,,131,FMS Transect 28
,,2132,5M4,,,,,17G79,GBBG,5,18,2017,42.98605,-70.6182,,131,FMS Transect 28
,,1841,1R1,,,1696,4K1,17G80,GBBG,5,18,2017,42.98586,-70.61829,,1,
,,2133,5M5,,,,,17G81,GBBG,5,18,2017,42.98561,-70.61816,,131,FMS Transect 28
,,1357,4P3,,,402186115,9Z4,17G82,GBBG,5,18,2017,42.98742,-70.61317,,131,Bartels
,,1582,4P9,,,,,17G83,GBBG,5,19,2017,42.98713,-70.61342,,131,Bartels
,,1908,8R0,,,,,17G84,GBBG,5,19,2017,42.9887,-70.61095,,131,Gerry's Ridge
,,1495,8N8,,,,,17G85,GBBG,5,19,2017,42.98638,-70.61105,,131,FMS Transect 24
,,1775,8F3,,,,,17G86,GBBG,5,19,2017,42.98845,-70.61203,,131,Trail: Bartels to Bench
,,2004,6T5,,,,UB,17G88,GBBG,5,23,2017,42.9916,-70.61511,,137,
,,1767,8F7,,,,,17G91,GBBG,5,23,2017,42.98844,-70.61535,,162,
,,2133830610,9EH,,,,UB,17G92,GBBG,5,23,2017,42.98723,-70.61672,,178,
,,1932,0T4,,,2228,0V7,17G93,GBBG,5,23,2017,42.98717,-70.6157,,179,
,,1870,4R2,,,,,17G94,GBBG,5,23,2017,42.2869,-70.61594,,186,
,,2124,4M7,,,,,17G96,GBBG,5,24,2017,42.98837,-70.61578,,162,High Tide Pier
,,2110,4M3,,,,UB,17G97,GBBG,5,24,2017,42.99189,-70.61374,,184,Siren's Cove and Ridge
,,1529,2P3,,,,,17G101,GBBG,5,25,2017,42.98885,-70.6123,,131,Incinerator Ridge
,,2133830537,4EE,,,2133830536,3EE,17G106,GBBG,5,27,2017,42.99067,-70.61668,,183,Sandpiper Beach
,,2133830540,7EE,,,1735,5F6,17G107,GBBG,5,27,2017,42.99073,-70.61675,,183,Sandpiper Beach
,,2133830504,5AE,,,2133830544,2EE,17G109,GBBG,5,27,2017,42.98711,-70.61395,,141,Dorm 2
,,1223,7C5,,,,,17G110,GBBG,7,14,2017,42.9864,-70.6178,,149,FMS Transect 27
,,2133830970,3FF,,,2133830971,1FK,17G111,GBBG,7,14,2017,42.9901,-70.6167,,183,Sandpiper Beach
,,2335,8V2,,,,UB,17G112,GBBG,7,14,2017,42.9887,-70.6109,,155,Gerry's Ridge
,,1884,5R6,,,,UB,17G113,GBBG,7,14,2017,42.9892,-70.6136,,135,Broad Cove
,,2133831116,0FN,,,,,17G114,GBBG,7,14,2017,42.991,-70.6166,,183,Sandpiper Beach
,,1886,5R8,,,,,17G115,GBBG,7,14,2017,42.9899,-70.6129,,169,Norwegian Cove
,,2133830821,07J,,,,,17G116,GBBG,7,14,2017,42.9899,-70.6129,,169,Norwegian Cove
,,1455,3N8,,,2091,2M7,17G117,GBBG,7,14,2017,42.9894,-70.6169,,152,FMS Transect 5
,,2133830523,9EA,,,2133831040,5FA,17G118,GBBG,7,14,2017,42.9917,-70.6139,,184,Siren's Cove and Ridge
,,2133830518,6EC,,,,UB,17G119,GBBG,7,14,2017,42.9917,-70.6139,,131,Siren's Cove and Ridge
,,671009731,4Z6,,,,,17G120,GBBG,7,14,2017,42.9899,-70.6129,,169,Norwegian Cove
,,1852,2R2,,,,,17G121,GBBG,7,14,2017,42.9894,-70.6169,,152,FMS Transect 5
,,1835,0R5,,,,,17G123,GBBG,7,14,2017,42.9875,-70.6151,,163,Incinerator Ridge
,,17,9X6,,,2133831025,1FJ,17G124,GBBG,7,14,2017,42.9891,-70.6117,,163,Incinerator Ridge
,,667499738,4U1,,,,UB,17G125,GBBG,7,14,2017,42.9873,-70.6171,,185,SML Dock
,,2133831023,9EY,,,,UB,17G200,GBBG,7,16,2017,,,,163,Incinerator Ridge
,,2030,9M4,,,,,17G300,GBBG,5,31,2017,,,,131,Sandpiper Beach
,,2133830952,4ET,,,2133830499,8AC,18G01,GBBG,5,22,2018,42.98899,-70.61543,,139,
,,1759,0J2,,,,,18G02,GBBG,5,22,2018,42.98925,-70.61591,,156,
,,2133830956,5ER,,,1161,1C3,18G03,GBBG,5,22,2018,42.98938,-70.61609,,156,Grass Lab
,,2133830500,9AC,,,,,18G04,GBBG,5,22,2018,42.98935,-70.61624,,156,
,,1382087576,2Z5,,,2133830955,8EU,18G05,GBBG,5,22,2018,42.98935,-70.61642,,152,FMS Transect 5
,,2091,2M7,,,,,18G06,GBBG,5,22,2018,42.9894,-70.61668,,1,
,,1873,4R4,,,,,18G07,GBBG,5,22,2018,42.98961,-70.61696,,1,
,,2133830957,6EL,,,2092,2M8,18G08,GBBG,5,22,2018,42.98971,-70.61696,,1,
,,1877,5R1,,,,,18G09,GBBG,5,22,2018,,,,144,
,,1732,5F3,,,,,18G10,GBBG,5,22,2018,42.9902,-70.61681,,183,Sandpiper Beach
,,2133830539,6EE,,,,UB,18G11,GBBG,5,22,2018,42.99032,-70.61686,,183,
,,2133830536,3EE,,,2133830537,4EE,18G12,GBBG,5,22,2018,42.99066,-70.61677,,183,
,,2133830540,7EE,,,,,18G13,GBBG,5,22,2018,42.99074,-70.61678,,183,
,,2133830541,8EE,,,,,18G14,GBBG,5,22,2018,42.99089,-70.61675,,167,
,,1989,6T1,,,,,18G15,GBBG,5,22,2018,42.99095,-70.61674,,167,
,,2133830542,9EE,,,,,18G16,GBBG,5,22,2018,42.99098,-70.61663,,167,
,,2009,9T1,,,,UB,18G17,GBBG,5,22,2018,42.99181,-70.6157,,167,
,,2489,3X1,,,,,18G18,GBBG,5,22,2018,42.99217,-70.61525,,1,
,,1949,2T1,,,2028,8T9,18G19,GBBG,5,22,2018,42.99228,-70.61496,,1,
,,2106,4M0,,,,UB,18G20,GBBG,5,22,2018,42.99157,-70.61503,,1,
,,1287,7 E 6,,,2133831170,3HE,18G21,GBBG,5,22,2018,42.99072,-70.61497,,189,Trail: Grass Lab to Devil's Dance Floor
,,1556270029,1Z5,,,-416175085,2Z0,18G22,GBBG,5,22,2018,42.9889,-70.61514,,1,
,,1427661090,7U3,,,1355,6P2,18G23,GBBG,5,22,2018,42.9887,-70.61518,,1,
,,1767,8F7,,,,UB,18G24,GBBG,5,22,2018,42.9885,-70.6154,,1,
,,-1821546677,4Z2,,,1509,0P3,18G25,GBBG,5,22,2018,42.98854,-70.61548,,1,
,,2133830497,6AC,,,1691,3K6,18G26,GBBG,5,22,2018,42.98848,-70.61569,,162,High Tide Pier
,,204535573,4Z1,,,,,18G27,GBBG,5,22,2018,42.98822,-70.61576,,1,
,,2083,3M8,,,,UB,18G28,GBBG,5,22,2018,42.98819,-70.6158,,1,
,,2133830947,8ET,,,2133831167,9HA,18G29,GBBG,5,22,2018,42.98815,-70.61582,,162,High Tide Pier
,,1555,3M7,,,2133830946,2ET,18G30,GBBG,5,22,2018,42.98809,-70.61579,,1,
,,1585,3P2,,,1840,1R0,18G31,GBBG,5,22,2018,42.98801,-70.61583,,131,
,,1502,7P0,,,2059,1M7,18G32,GBBG,5,22,2018,42.98756,-70.6161,,178,Road: SML dock to high tide pier
,,2133830949,3ET,,,667499738,4U1,18G33,GBBG,5,22,2018,42.98756,-70.61661,,178,
,,2133831154,7FV,,,2425,0X5,18G34,GBBG,5,23,2018,42.98835,-70.61592,,,High Tide Pier
,,2133831156,9FU,,,2133830501,0AC,18G35,GBBG,5,23,2018,42.98953,-70.61674,,1,Road: Sandpiper Beach Road
,,2133831157,0FU,,,2133831176,4HA,18G36,GBBG,5,23,2018,42.98987,-70.61686,,1,Sandpiper Beach
,,1459,6N2,,,2133830506,3AE,18G37,GBBG,5,23,2018,42.98793,-70.61361,,164,Kiggins Commons
,,1797,8K6,,,1714,9P3,18G38,GBBG,5,23,2018,42.98797,-70.61399,,164,Kiggins Commons
,,2133830544,2EE,,,2133830504,5AE,18G39,GBBG,5,23,2018,42.98708,-70.61399,,141,Dorm 2
,,2133831158,6FU,,,2235,1V2,18G40,GBBG,5,23,2018,42.98638,-70.61808,,1,FMS Transect 28
,,2133830533,5EC,,,2133830954,5ET,18G41,GBBG,5,24,2018,42.98714,-70.61705,,185,SML Dock
,,1554,0N7,,,,UB,18G42,GBBG,5,24,2018,42.98808,-70.61593,Rock_Bare,162,
,,1235,8C7,,,460590804,7U5,18G43,GBBG,5,24,2018,42.98822,-70.61579,,162,High Tide Pier
,,2133830610,9EH,,,2133831169,5HC,18G44,GBBG,5,24,2018,42.98724,-70.61673,,185,SML Dock
,,-1020843325,2Z2,,,,,18G45,GBBG,5,24,2018,42.98722,-70.61693,,185,SML Dock
,,1932,0T4,,,,,18G46,GBBG,5,24,2018,42.98712,-70.61575,,179,
,,1665,1K9,,,,,18G47,GBBG,5,24,2018,42.98701,-70.61556,,171,PK - Radar Tower
,,1269,2 E 2,,,2133830959,9ET,18G48,GBBG,5,24,2018,42.98696,-70.61587,,186,Sunset Pavilion
,,1844,1R4,,,,,18G49,GBBG,5,24,2018,42.98696,-70.61587,,186,Sunset Pavilion
,,2133830951,4ER,,,,,18G50,GBBG,5,24,2018,42.98692,-70.61589,,186,
,,2133830531,1EE,,,,UB,18G51,GBBG,5,24,2018,42.98696,-70.61596,,186,Sunset Pavilion
,,1987,5T9,,,,UB,18G52,GBBG,5,24,2018,42.98693,-70.61603,,186,
,,2133830532,4EC,,,,,18G53,GBBG,5,24,2018,42.98688,-70.61593,,186,
,,2133830505,2AE,,,,UB,18G54,GBBG,5,24,2018,42.98704,-70.61418,,141,Dorm 2
,,2133830543,0EE,,,2133830502,1AE,18G55,GBBG,5,24,2018,242.9875,-70.61371,,140,
,,1357,4P3,,,402186115,9Z4,18G56,GBBG,5,24,2018,42.98737,-70.61314,,133,Bartels
,,1582,4P9,,,,UB,18G57,GBBG,5,24,2018,42.98714,-70.6134,,133,Bartels
,,2133830494,4AC,,,,,18G58,GBBG,5,24,2018,42.98937,-70.61362,,135,Broad Cove
2133830493,2017-25558,2133830493,3AC,,,1536,6P5,18G59,GBBG,5,24,2018,42.98942,-70.61355,,135,Broad Cove
,,2133830495,5AC,,,,,18G60,GBBG,5,24,2018,42.98907,-70.61358,,163,Incinerator Ridge
,,-1218712965,0U0,,,1097,4A7,18G61,GBBG,5,24,2018,42.98911,-70.61298,,163,
,,2133831159,7FU,,,17,9X6,18G62,GBBG,5,24,2018,42.98903,-70.6127,,163,Incinerator Ridge
,,2133831160,8FU,,,,UB,18G63,GBBG,5,24,2018,42.98887,-70.61222,,131,Incinerator Ridge
,,2133831162,4FV,,,,UB,18G64,GBBG,5,24,2018,42.9844,-70.61205,,131,Trail: Bartels to Bench
,,2073,2M0,,,897839473,4Z8,18G65,GBBG,5,25,2018,42.98872,-70.61161,,1,Gerry's Ridge
,,1637,4F4,,,,,18G66,GBBG,5,25,2018,42.98869,-70.61101,,1833720192,Gerry's Ridge
,,2335,8V2,,,,UB,18G67,GBBG,5,25,2018,42.98881,-70.61104,,155,Gerry's Ridge
,,2133831163,5FV,,,,UB,18G68,GBBG,5,24,2018,42.98867,-70.61178,,1833720192,
,,-987449258,5Z9,,,2133831175,5HA,18G69,GBBG,5,25,2018,42.98869,-70.61101,,1,Gerry's Ridge
,,1903,7R5,,,,UB,18G70,GBBG,5,25,2018,42.988,-70.611,,155,Gerry's Ridge
,,2133831174,2M5,,,,2HA,18G71,GBBG,5,26,2018,42.98862,-70.61104,,155,Gerry's Ridge
,,1871,4R0,,,2133831173,4HE,18G72,GBBG,5,25,2018,42.9886,-70.61097,,155,Gerry's Ridge
,,2133830547,1EH,,,,UB,18G73,GBBG,5,25,2018,42.98838,-70.61094,,155,Gerry's Ridge
,,2133830546,0EF,,,,UB,18G74,GBBG,5,25,2018,42.98795,-70.61118,,1,FMS Transect 21
,,2133831165,7HA,,,1442,9 E 5,18G75,GBBG,5,25,2018,42.99055,-70.61298,,169,Norwegian Cove
,,2133831166,1HA,,,,UB,18G76,GBBG,5,25,2018,42.98965,-70.61322,,135,
,,2133831171,1HC,,,2110,4M3,18G78,GBBG,5,26,2018,42.991,-70.613,,184,Siren's Cove and Ridge
,,2133830509,8AE,,,,,18G79,GBBG,5,26,2018,42.99194,-70.61373,,184,Siren's Cove and Ridge
,,2112,6M4,,,,,18G80,GBBG,5,26,2018,42.99195,-70.61366,,184,Siren's Cove and Ridge
,,2108,4M2,,,,,18G81,GBBG,5,26,2018,42.99193,-70.61358,,184,Siren's Cove and Ridge
,,2133830552,5EF,,,,,18G82,GBBG,5,26,2018,42.99195,-70.61355,,184,Siren's Cove and Ridge
,,2133830961,6EU,,,,UB,18G83,GBBG,5,26,2018,42.99183,-70.61343,,184,Siren's Cove and Ridge
,,2133830518,6EC,,,,,18G84,GBBG,5,26,2018,42.99185,-70.61318,,184,Siren's Cove and Ridge
,,2133830515,4EA,,,,,18G85,GBBG,5,26,2018,42.99172,-70.61333,,184,Siren's Cove and Ridge
,,2133830962,7ET,,,,,18G86,GBBG,5,26,2018,42.99177,-70.61346,,184,Siren's Cove and Ridge
,,2133830512,1EA,,,,UB,18G87,GBBG,5,26,2018,42.99168,-70.61351,,184,Siren's Cove and Ridge
,,2133830521,7EA,,,,,18G88,GBBG,5,26,2018,42.99165,-70.61349,,184,Siren's Cove and Ridge
,,2133830510,9AE,,,,,18G89,GBBG,5,26,2018,42.9916,-70.61369,,184,Siren's Cove and Ridge
,,2133830963,7EU,,,,,18G90,GBBG,5,26,2018,42.992,-70.613,,184,Siren's Cove and Ridge
,,1825,6K9,,,,,18G91,GBBG,5,26,2018,42.99,-70.613,,145,Norwegian Cove
,,1824,6K8,,,2133831165,7HA,18G92,GBBG,5,26,2018,42.9903,-70.61314,,145,Norwegian Cove
,,2133831168,5HE,,,,UB,18G93,GBBG,5,26,2018,42.98386,-70.61562,,162,High Tide Pier
,,1901,7R3,,,,UB,18G94,GBBG,5,27,2018,42.98779,-70.61118,,138,Devil's Glen Ledge
,,1994,6T9,,,,,18G95,GBBG,5,27,2018,42.98743,-70.61041,,138,Devil's Glen Ledge
,,1958,3T0,,,,UB,18G96,GBBG,5,26,2018,42.99107,-70.61665,,183,Sandpiper Beach
,,2097,3M2,,,,UB,18G97,GBBG,5,26,2018,42.99121,-70.61653,,183,Sandpiper Beach
,,1969,4T4,,,,,18G98,GBBG,5,27,2018,42.98568,-70.61196,,146,FMS Transect 21
,,1587,6P7,,,,,18G99,GBBG,5,27,2018,42.987,-70.6144,,142,Dorm 3
,,2030,9M4,,,,UB,18G100,GBBG,5,26,2018,42.99093,-70.61667,,183,Sandpiper Beach
,,2133831172,6FV,,,-1248064832,2Z3,18G103,GBBG,5,26,2018,42.98714,-70.61604,,180,Road: SML dock to high tide pier
,,1276,5EL,,,2148,6M1,18G104,GBBG,5,27,2018,42.9653,-70.61778,,150,FMS Transect 28
,,2133830966,1FH,,,2132,5M4,18G105,GBBG,5,27,2018,42.98618,-70.61817,,150,FMS Transect 28
,,2132,5M4,,,,,18G106,GBBG,5,27,2018,42.98604,-70.61817,,150,FMS Transect 28
,,2133,5M5,,,,,18G107,GBBG,5,27,2018,42.98565,-70.61805,,150,FMS Transect 28
,,1696,4K1,,,,,18G108,GBBG,5,27,2018,42.98584,-70.68188,,150,FMS Transect 28
,,1885,5R7,,,,UB,18G109,GBBG,5,25,2018,42,,,1,
,,1730,5F2,,,,,18G110,GBBG,5,27,2018,,,,183,Sandpiper Beach
,,1630,3F7,,,,UB,18G300,GBBG,5,25,2018,,,,155,Gerry's Ridge
,,1437,9 E 0,,,,UB,18G301,GBBG,7,18,2018,,,,1,Norwegian Cove
,,-1018032969,6X9,,,,,18G302,GBBG,7,18,2018,,,,1,Norwegian Cove
,,1884,5R6,,,,,18G303,GBBG,7,19,2018,,,,1,Broad Cove
,,841289522,0Y4,,,,,18G305,GBBG,7,18,2018,,,,1,FMS Transect 28
,,1942,1T4,,,2121584166,1U5,18G306,GBBG,7,18,2018,,,,1,FMS Transect 28
,,2133830538,5EE,,,,,18G307,GBBG,7,18,2018,,,,1,Sandpiper Beach
,,-177338852,3Y3,,,671009731,4Z6,18G310,GBBG,7,19,2018,,,,131,Incinerator Ridge
,,1909,8R1,,,,UB,18G311,GBBG,7,19,2018,,,,131,Gerry's Ridge
,,2133830557,9EF,,,,,18G312,GBBG,7,19,2018,,,,131,Road: SML dock to Laighton
,,1934,0T6,,,,UB,18G313,GBBG,7,19,2018,,,,131,North Head
,,2004,6T5,,,,,18G314,GBBG,7,20,2018,42.9917,-70.6152,,131,Devil's Dance Floor
,,1959,3T1,,,,,18G315,GBBG,7,20,2018,42.9917,-70.615,,131,Devil's Dance Floor
,,1913,8R5,,,,,18G316,GBBG,7,20,2018,,,,1,Norwegian Cove
,,1798,8K7,,,,,18G317,GBBG,7,20,2018,,,,131,Norwegian Cove
,,2133830523,9EA,,,,UB,18G318,GBBG,7,20,2018,,,,131,Siren's Cove and Ridge
,,1223,7C5,,,,UB,18G319,GBBG,7,20,2018,,,,1,FMS Transect 28
,,1706,9K4,,,,UB,18G320,GBBG,7,20,2018,,,,1,FMS Transect 28
,,1331,4 E 4,,,,UB,18G321,GBBG,7,21,2018,,,,1,Gerry's Ridge
,,1908,8R0,,,,UB,18G322,GBBG,7,21,2018,,,,1,Gerry's Ridge
,,358064703,2Y4,,,,,18G323,GBBG,7,21,2018,,,,1,Incinerator Ridge
,,1947955479,2U2,,,,UB,18G324,GBBG,7,21,2018,,,,1,Norwegian Cove
,,1961,3T3,,,,,18G325,GBBG,7,21,2018,,,,1,Grass Lab
,,2133830612,3AV,,,,,18G326,GBBG,7,21,2018,,,,1,Siren's Cove and Ridge
,,1692,0M5,,,,UB,18G327,GBBG,7,21,2018,,,,1,Siren's Cove and Ridge
,,1161,1C3,,,2133831356,1HY,19G1,GBBG,5,21,2019,42.98937,-70.61612,,136,Celia's Garden
,,68827878,0HX,,,,,19G2,GBBG,5,21,2019,42.989,-70.6155,,139,Dive Locker
,,1277,0EU,,,,,19G3,GBBG,5,21,2019,,,,139,Dive Locker
,,2133830543,0EE,,,,UB,19G4,GBBG,5,21,2019,42.98751,-70.6137,,140,Dorm 1
,,2133831162,4FV,,,,UB,19G5,GBBG,5,21,2019,42.98844,-70.61205,,187,Trail: Bartels to Bench
,,2133831163,5FV,,,,UB,19G6,GBBG,5,21,2019,42.98858,-70.61179,,187,Trail: Bartels to Bench
,,2073,2M0,,,897839473,4Z8,19G7,GBBG,5,21,2019,42.98874,-70.61162,,1833720192,Trail: Bartels to Bench
,,2133830505,2AE,,,,UB,19G8,GBBG,5,25,2019,42.98704,-70.61418,,131,Dorm 2
,,2133830549,2EF,,,,UB,19G9,GBBG,5,21,2019,42.98882,-70.61115,,155,Gerry's Ridge
,,2253,2V2,,,,,19G10,GBBG,5,21,2019,42.98908,-70.6133,,135,Broad Cove
,,1891,6R3,,,,,19G11,GBBG,5,21,2019,42.98938,-70.61362,,135,Broad Cove
,,1825,6K9,,,,,19G12,GBBG,5,21,2019,42.99033,-70.61322,,131,Norwegian Cove
,,2133831165,7HA,1442,1777-14195,,FED ONLY,19G13,GBBG,5,21,2019,42.99059,-70.61304,,169,Norwegian Cove
,,-416175085,2Z0,,,1556270029,1Z5,19G14,GBBG,5,21,2019,42.98891,-70.61517,,139,Dive Locker
,,1329669726,7U9,,,2133830956,5ER,19G15,GBBG,5,21,2019,42.98932,-70.6165,,152,FMS Transect 5
,,1509,0P3,,,-1821546677,4Z2,19G16,GBBG,5,21,2019,42.98861,70.61555,,162,High Tide Pier
,,1427661090,7U3,,,,,19G17,GBBG,5,21,2019,42.9885,-70.6157,,158,High Tide Pier
,,1235,8C7,,,,,19G18,GBBG,5,21,2019,42.9883,-70.6158,,162,High Tide Pier
,,204535573,4Z1,,,2425,0X5,19G19,GBBG,5,21,2019,42.9882,-70.6158,,178,Road: SML dock to high tide pier
,,2083,3M8,,,,UB,19G20,GBBG,5,21,2019,42.9882,-70.6158,,178,Road: SML dock to high tide pier
,,2133830949,3ET,,,,UB,19G21,GBBG,5,21,2019,42.98732,-70.61661,,178,Road: SML dock to high tide pier
,,1932,0T4,,,2133831382,6HU,19G22,GBBG,5,21,2019,42.98717,-70.61562,,191,Trail: PK to Laighton
,,1665,1K9,,,2133830557,9EF,19G23,GBBG,5,21,2019,42.987,-70.61553,,171,PK - Radar Tower
,,1820574146,0U4,,,,UB,19G24,GBBG,5,21,2019,42.98691,-70.6158,,186,Sunset Pavilion
,,2133830530,3EC,,,1844,1R4,19G25,GBBG,5,21,2019,42.98696,-70.61584,,186,Sunset Pavilion
,,1269,2 E 2,,,2133830959,9ET,19G26,GBBG,5,21,2019,42.98698,-70.61583,,186,Sunset Pavilion
,,2133830951,4ER,,,2133831388,9HU,19G27,GBBG,5,21,2019,42.98691,-70.61589,,186,Sunset Pavilion
,,2133830544,2EE,,,,,19G28,GBBG,5,21,2019,42.98707,-70.61403,,141,Dorm 2
,,-177338852,3Y3,,,,UB,19G29,GBBG,5,24,2019,,,,131,Gerry's Ridge
,,2092,2M8,,,,6LH,19G30,GBBG,5,22,2019,42.98989,-70.61689,,131,Road: Sandpiper Beach Road
,,2133831157,0FU,,,2133831176,4HA,19G31,GBBG,5,22,2019,42.98992,-70.61687,,131,Road: Sandpiper Beach Road
,,1436916068,7Z4,,,,UB,19G32,GBBG,5,22,2019,,,,131,Road: Sandpiper Beach Road
,,2133830539,6EE,,,,,19G33,GBBG,5,22,2019,42.99028,-70.61678,,131,Road: Sandpiper Beach Road
,,1735,5F6,,,2133830540,7EE,19G34,GBBG,5,22,2019,42.99075,-70.61673,,131,Sandpiper Beach
,,2030,9M4,,,2133831364,5HY,19G35,GBBG,5,22,2019,42.99093,-70.61671,,131,Sandpiper Beach
,,2097,3M2,,,,,19G36,GBBG,5,22,2019,42.99123,-70.61655,,131,Larus Ledge
,,1158,0C9,,,,,19G37,GBBG,5,22,2019,42.9917,-70.61568,,131,Larus Ledge
,,2009,9T1,,,,UB,19G38,GBBG,5,22,2019,42.99183,-70.61568,,1,
,,1864,3R4,,,,UB,19G39,GBBG,5,22,2019,42.99165,-70.61605,,131,Larus Ledge
,,2133831357,1HZ,,,2133831361,4HY,19G40,GBBG,5,22,2019,42.98981,-70.6128,,131,Norwegian Cove
,,2133831358,2HY,,,,,19G41,GBBG,5,22,2019,42.99089,-70.61264,,131,Norwegian Cove
,,2133831359,3HY,,,,UB,19G42,GBBG,5,22,2019,42.99111,-70.61275,,131,FMS Transect 24
,,1529,2P3,,,,UB,19G43,GBBG,5,22,2019,42.98882,-70.61231,,131,Incinerator Ridge
,,-1031381937,4Z9,,,,UB,19G44,GBBG,5,22,2019,42.98697,-70.61608,,131,Sunset Pavilion
,,2133831365,6HY,,,2133830966,1FH,19G45,GBBG,5,22,2019,42.98635,-70.618,,131,FMS Transect 28
,,1585,3P2,2133831386,2017-23864,,UB,19G46,GBBG,5,22,2019,42.98806,-70.61583,,131,High Tide Pier
,,2133831366,7HZ,,,,,19G47,GBBG,5,22,2019,42.99179,-70.61353,,131,Siren's Cove and Ridge
,,2133831367,7HY,,,,UB,19G48,GBBG,5,22,2019,42.99184,-70.61338,,131,Siren's Cove and Ridge
,,1536,6P5,,,1677,3K1,19G49,GBBG,5,23,2019,42.98904,-70.61362,,131,Broad Cove
,,1536,6P5,,,2133830494,4AC,19G49,GBBG,7,27,2019,,,Pebbles_Vegetated,1,Broad Cove
,,2133830512,1EA,,,,UB,19G50,GBBG,5,23,2019,42.99169,-70.61346,,131,Siren's Cove and Ridge
,,2133830513,2EA,,,2133830962,7ET,19G51,GBBG,5,23,2019,42.99174,-70.61349,,131,Siren's Cove and Ridge
,,2108,4M2,,,,,19G52,GBBG,5,23,2019,42.99195,-70.61362,,131,Siren's Cove and Ridge
,,2133831368,8HY,,,,UB,19G53,GBBG,5,23,2019,42.9848,-70.61108,,131,Gerry's Ridge
,,2133831370,9HY,,,,UB,19G54,GBBG,5,23,2019,42.98778,-70.61052,,131,Gerry's Ridge
,,1909,8R1,,,,,19G55,GBBG,5,23,2019,42.98833,-70.61088,,131,Herring Gull Ghetto
,,2133831371,0HY,,,,UB,19G56,GBBG,5,23,2019,42.98866,-70.61121,,131,Devil's Glen Ledge
,,2133831372,0HZ,,,1767,2HZ,19G57,GBBG,5,23,2019,42.9885,-70.6153,,131,Wastewater Treatment
,,2133831373,3HZ,,,2133831389,0HU,19G58,GBBG,5,23,2019,42.99181,-70.61497,,131,Devil's Dance Floor
,,2133831374,4HZ,,,,UB,19G59,GBBG,5,23,2019,42.99243,-70.61481,,131,North Head
,,2133831375,5HZ,,,,UB,19G60,GBBG,5,23,2019,42.99218,-70.61536,,131,North Head
,,2133831376,6HZ,,,,UB,19G61,GBBG,5,23,2019,42.99185,-70.61581,,131,North Head
,,2133831377,8HZ,,,2133831378,9HZ,19G62,GBBG,5,23,2019,,,,131,Larus Ledge
,,1732,5F3,,,,UB,19G63,GBBG,5,23,2019,,,,131,Road: Sandpiper Beach Road
,,2335,8V2,,,,UB,19G64,GBBG,5,24,2019,42.99212,-70.61498,,167,Larus Ledge
,,2106,4M0,,,,,19G65,GBBG,5,25,2019,42.99168,-70.61518,,131,Devil's Dance Floor
,,2133830532,4EC,,,,,19G66,GBBG,5,25,2019,,,,131,Sunset Pavilion
,,1959,3T1,,,,,19G67,GBBG,5,25,2019,42.99163,-70.61481,,131,Devil's Dance Floor
,,2133830507,4AE,,,,UB,19G68,GBBG,5,25,2019,42.99179,-70.61434,,131,Devil's Dance Floor
,,2133830552,5EF,,,,,19G69,GBBG,5,25,2019,42.99199,-70.61357,,131,Siren's Cove and Ridge
,,2112,6M4,,,2133830948,2EU,19G70,GBBG,5,25,2019,42.99192,-70.61362,,131,Siren's Cove and Ridge
,,2133830961,6EU,,,,,19G71,GBBG,5,25,2019,42.99183,-70.61345,,131,Siren's Cove and Ridge
,,2133830963,7EU,,,,UB,19G72,GBBG,5,25,2019,42.99191,-70.61333,,131,Siren's Cove and Ridge
,,1797,8K6,,,,UB,19G73,GBBG,5,25,2019,42.8779,-70.61409,,131,Kiggins Commons
,,2059,1M7,,,,UB,19G74,GBBG,5,25,2019,42.98736,-70.61647,,131,Road: SML dock to high tide pier
,,1930797709,1Z4,,,,UB,19G75,GBBG,5,25,2019,42.98646,-70.61704,,131,Trail: K-House to Smith's Cove
,,2133830537,4EE,,,,,19G76,GBBG,5,25,2019,42.99068,-70.61671,,131,Sandpiper Beach
2133831385,2017-23863,2133831385,7HU,2133831387,2017-23865,2133831387,8HU,19G77,GBBG,5,25,2019,42.98849,-70.61562,,131,High Tide Pier
,,1714,9P3,,,,,19G78,GBBG,5,28,2019,,,,131,Kiggins Commons
,,2133831175,5HA,,,,UB,19G79,GBBG,5,25,2019,42.98856,-70.61127,,131,Gerry's Ridge
,,1885,5R7,,,,,19G80,GBBG,5,29,2019,,,,1,
,,1637,4F4,,,,,19G81,GBBG,5,28,2019,42.98886,-70.61135,Shrub_Small,135,Gerry's Ridge
,,1947955479,2U2,,,,,19G82,GBBG,5,28,2019,42.9913,-70.6129,,145,Norwegian Cove
,,2133831160,8FU,,,,,19G83,GBBG,5,28,2019,42.9913,-70.6129,,144,Norwegian Cove
,,1886,5R8,,,,,19G84,GBBG,5,28,2019,42.9898,-70.6131,,135,Broad Cove
,,1994,6T9,,,1968,4T5,19G85,GBBG,5,29,2019,42.9874,-70.6104,,138,Devil's Glen Ledge
,,2133830515,4EA,,,,,19G86,GBBG,5,31,2019,42.9917,-70.6134,,184,Siren's Cove and Ridge
,,1411,6H4,,,,,19G87,GBBG,5,30,2019,42.99,-70.6132,,135,Broad Cove
,,2133830523,9EA,,,2133830509,8AE,19G88,GBBG,5,30,2019,42.9918,-70.6137,,184,Siren's Cove and Ridge
,,1437,9 E 0,,,,,19G89,GBBG,6,1,2019,42.9901,-70.6132,,169,Norwegian Cove
,,1729,9P5,,,,UB,19G91,GBBG,6,1,2019,42.9862,-70.6182,,150,FMS Transect 28
,,2133,5M5,,,,,19G92,GBBG,6,2,2019,42.9857,-70.6182,,150,FMS Transect 28
,,1223,7C5,,,,,19G93,GBBG,6,2,2019,42.9861,-70.6182,,150,FMS Transect 28
,,2005,6T6,,,,,19G94,GBBG,6,3,2019,42.9884,-70.6112,,135,FMS Transect 21
,,2493,7X1,,,,,19G95,GBBG,6,1,2019,42.9884,-70.6113,,135,Broad Cove
,,2087,2M5,,,,,19G96,GBBG,6,2,2019,42.9886,-70.611,,135,Broad Cove
,,2133831173,4HE,,,,,19G97,GBBG,6,2,2019,42.9885,-70.611,,135,Broad Cove
,,2121584166,1U5,,,,,19G98,GBBG,6,2,2019,42.9863,-70.6181,,150,FMS Transect 28
,,1587,6P7,,,1706,9K4,19G99,GBBG,6,5,2019,42.987,-70.6143,,150,FMS Transect 28
,,841289522,0Y4,,,,UB,19G100,GBBG,6,5,2019,42.9866,-70.6178,,150,FMS Transect 28
,,1942,1T4,,,,,19G101,GBBG,6,8,2019,,,,1,
,,2258,2V7,,,,UB,19G102,GBBG,6,8,2019,42.9887,-70.6119,,1,
,,-1218712965,0U0,,,,UB,19G103,GBBG,6,8,2019,42.9891,-70.6129,,135,Broad Cove
,,1742,6F3,,,,,19G105,GBBG,7,20,2019,,,,131,Larus Ledge
,,1455,3N8,,,,UB,19G751,GBBG,5,25,2019,42.98935,-70.6167,,131,FMS Transect 5
,,1714,9P3,,,,,21G01,GBBG,5,20,2021,42.98783,-70.61414,,131,Kiggins Commons
,,2133830543,0EE,,,,,21G02,GBBG,5,20,2021,42.98751,-70.61362,,1,Dorm 1
,,2133830964,8EX,,,,,21G03,GBBG,5,20,2021,42.9874,-70.61318,,1,Bartels
,,2133830544,2EE,,,2312,6V4,21G04,GBBG,5,20,2021,42.98713,-70.61395,,1,Dorm 2
,,1932,0T4,,,2133831382,6HU,21G05,GBBG,5,20,2021,42.98719,-70.61566,,1,Road: SML dock to Laighton
,,1665,1K9,,,,,21G06,GBBG,5,20,2021,42.987,-70.61553,,1,PK - Radar Tower
,,1269,2 E 2,,,,UB,21G07,GBBG,5,20,2021,42.98695,-70.61581,,1,Sunset Pavilion
,,1820574146,0U4,,,,,21G08,GBBG,5,20,2021,42.98846,-70.61537,,1,Sunset Pavilion
,,1767,2HZ,,,2133831372,0HZ,21G09,GBBG,5,20,2021,42.98874,-70.6152,,1,High Tide Pier
,,1556270029,1Z5,,,,,21G10,GBBG,5,20,2021,42.98874,-70.6152,,1,Road: High Tide Pier to Grass Lab
,,68827878,0HX,,,2133831487,7JM,21G11,GBBG,5,20,2021,42.98895,-70.61542,,1,Dive Locker
,,2133830703,3AP,,,,,21G12,GBBG,5,20,2021,42.98922,-70.61586,,1,Grass Lab
,,2133831356,1HY,,,,,21G13,GBBG,5,20,2021,42.9895,-70.61617,,1,Celia's Garden
,,1329669726,7U9,,,2133830501,0AC,21G14,GBBG,5,20,2021,42.98932,-70.61649,,1,Sandpiper Beach
,,2133831170,3HE,,,1287,7 E 6,21G15,GBBG,5,20,2021,42.99072,-70.615,,1,Trail: Grass Lab to Devil's Dance Floor
,,2092,2M8,,,,,21G16,GBBG,5,20,2021,42.98977,-70.61682,,1,Sandpiper Beach
,,1585,3P2,,,,,21G17,GBBG,5,20,2021,42.98771,-70.61581,,1,Road: SML dock to high tide pier
,,2059,1M7,,,,UB,21G18,GBBG,5,20,2021,42.98727,-70.61652,,1,Road: SML dock to high tide pier
,,2133830613,3EH,,,2133830946,2ET,21G19,GBBG,5,20,2021,42.98806,-70.61581,,1,High Tide Pier
,,2425,0X5,,,,,21G20,GBBG,5,20,2021,42.98818,-70.61578,,1,High Tide Pier
,,1235,8C7,,,,UB,21G21,GBBG,5,20,2021,42.98825,-70.61575,,,High Tide Pier
,,2133831385,7HU,,,2133831387,8HU,21G22,GBBG,5,20,2021,42.98822,-70.61578,,1,High Tide Pier
,,1891,6R3,,,2133830494,4AC,21G23,GBBG,5,20,2021,42.98944,-70.61353,,1,Broad Cove
,,-416175085,2Z0,,,,UB,21G24,GBBG,5,20,2021,42.98917,-70.61437,,1,Road: to Broad Cove
,,1885,5R7,,,1759,0J2,21G25,GBBG,5,20,2021,42.98905,-70.61552,,1,Grass Lab
,,1757,7F9,,,,,21G26,GBBG,5,20,2021,,,,1,Sandpiper Beach
,,2133830956,5ER,,,,,21G27,GBBG,5,21,2021,42.98937,-70.6162,,1,Celia's Garden
,,2133830536,3EE,,,,,21G29,GBBG,5,21,2021,42.99097,-70.61672,,1,Sandpiper Beach
,,-1387911389,5Y4,,,,,21G30,GBBG,5,22,2021,42.98817,-70.61581,,1,High Tide Pier
,,2133831488,8JM,,,,UB,21G31,GBBG,5,22,2021,42.98712,-70.6157,,1,PK - Radar Tower
,,2133830505,2AE,,,,UB,21G32,GBBG,5,22,2021,42.98705,-70.61417,,1,Dorm 2
,,2253,2V2,,,,UB,21G33,GBBG,5,22,2021,42.98908,-70.6133,,1,Incinerator Ridge
,,897839473,9JM,,,,,21G34,GBBG,5,22,2021,42.98875,-70.61152,,1,Trail: Bartels to Bench
,,2133831491,2JN,,,,4F4,21G35,GBBG,5,22,2021,,,,1,Incinerator Ridge
,,2133831489,0JM,,,2133831371,0HY,21G37,GBBG,5,22,2021,,,,1,Gerry's Ridge
,,2133831492,3JN,,,2133831173,4HE,21G38,GBBG,5,22,2021,,,,1,Incinerator Ridge
,,2133831490,1JN,,,1529,2P3,21G39,GBBG,5,22,2021,,,,1,Incinerator Ridge
,,1277,0EU,,,,UB,21G40,GBBG,5,22,2021,,,,1,Dive Locker
,,2133830843,0P3,,,1509,5FE,21G41,GBBG,5,22,2021,,,,1,Dive Locker
,,1691,3K6,,,2133830497,6AC,21G43,GBBG,5,22,2021,,,,1,High Tide Pier
,,1554,0N7,,,,,21G44,GBBG,5,22,2021,,,,1,High Tide Pier
,,2133831168,5HE,,,,UB,21G45,GBBG,5,22,2021,,,,1,High Tide Pier
,,2133830707,0AU,,,,UB,21G46,GBBG,5,22,2021,,,,1,Celia's Garden
2133831507,2017-82028,2133831507,9JU,,,,,22G01,GBBG,5,17,2022,,,,1,Gerry's Ridge
,,2133830550,2JV,,,,,22G02,GBBG,5,17,2022,,,,1,Gerry's Ridge
,,1826,7K0,,,,,22G03,GBBG,5,17,2022,,,,1,Devil's Glen Ledge
,,1969,4T4,,,,,22G04,GBBG,5,17,2022,,,,1,Halftide Ledges
,,1862276314,3Z5,,,,,22G05,GBBG,5,17,2022,,,,1,Trail: Bartels to Bench
,,2133831492,3JN,,,,UB,22G06,GBBG,5,17,2022,,,,1,Gerry's Ridge
2133831508,2017-82029,2133831508,0JU,,,,,22G07,GBBG,5,17,2022,,,,1,Gerry's Ridge
,,1223,7C5,,,,,22G09,GBBG,5,17,2022,,,,1,FMS Transect 28
,,1841,1R1,,,,,22G10,GBBG,5,17,2022,,,,1,FMS Transect 27
,,1706,9K4,,,2133831523,7KJ,22G11,GBBG,5,17,2022,,,,1,FMS Transect 27
2133831506,2017-82027,2133831506,8JU,,,,,22G12,GBBG,5,17,2022,,,,1,Gerry's Ridge
,,1729,9P5,,,,,22G13,GBBG,5,17,2022,,,,1,FMS Transect 28
,,2133831371,0HY,,,2133831489,0JM,22G14,GBBG,5,17,2022,,,,1,Gerry's Ridge
,,2133831370,9HY,,,,,22G15,GBBG,5,17,2022,,,,1,Herring Gull Canyon
,,1908,8R0,,,,,22G16,GBBG,5,17,2022,,,,1,Gerry's Ridge
,,2132,5M4,,,,UB,22G17,GBBG,5,17,2022,,,,1,FMS Transect 28
,,2133831514,5JV,,,,,22G18,GBBG,5,18,2022,,,,1,Devil's Dance Floor
,,1078439325,6J3,,,,,22G19,GBBG,5,17,2022,,,,1,Gerry's Ridge
2133831511,2017-82031,2133831511,3JV,,,,,22G20,GBBG,5,17,2022,,,,1,Gerry's Ridge
,,-637730634,3Y8,,,,UB,22G21,GBBG,5,17,2022,,,,1,Gerry's Ridge
,,1942,1T4,,,,,22G23,GBBG,5,17,2022,,,,1,FMS Transect 28
2133831512,2017-82032,2133831512,4JV,,,,,22G25,GBBG,5,17,2022,,,,1,Gerry's Ridge
,,2133830536,3EE,,,,,22G26,GBBG,5,17,2022,,,,1,Sandpiper Beach
,,2030,9M4,,,,,22G27,GBBG,5,17,2022,,,,1,Sandpiper Beach
,,1864,3R4,,,,,22G28,GBBG,5,17,2022,,,,1,Larus Ledge
,,2133831389,0HU,,,,,22G29,GBBG,5,17,2022,,,,1,Devil's Dance Floor
,,1757,7F9,,,,,22G30,GBBG,5,17,2022,,,,1,Road: Sandpiper Beach Road
,,2133830973,1FM,,,,,22G31,GBBG,5,17,2022,,,,1,FMS Transect 5
,,1961,3T3,,,,,22G32,GBBG,5,17,2022,,,,1,Grass Lab
,,1947,1T9,,,2133831522,6KE,22G33,GBBG,5,17,2022,,,,1,Sandpiper Beach
,,2092,2M8,,,,,22G34,GBBG,5,17,2022,,,,1,Grass Lab
,,2133830501,0AC,,,,,22G35,GBBG,5,17,2022,,,,1,Grass Lab
,,2133830540,7EE,,,,,22G37,GBBG,5,17,2022,,,,1,Sandpiper Beach
,,2133830552,5EF,,,2133831517,3KE,22G38,GBBG,5,17,2022,,,,1,Siren's Cove and Ridge
,,2270,3V7,,,,,22G39,GBBG,5,17,2022,,,,1,Siren's Cove and Ridge
,,1862,3R2,,,,,22G40,GBBG,5,17,2022,,,,1,Sandpiper Beach
,,2112,6M4,,,2133831516,2KE,22G41,GBBG,5,17,2022,,,,1,Siren's Cove and Ridge
,,480140351,5Z4,,,,,22G42,GBBG,5,17,2022,,,,1,North Head
2133831505,2017-82026,2133831505,7JU,,,2133831496,7JN,22G43,GBBG,5,17,2022,,,,1,Grass Lab
,,2133830500,9AC,,,2133830703,3AP,22G44,GBBG,5,17,2022,,,,1,Grass Lab
,,2133831500,7JP,,,,,22G45,GBBG,5,17,2022,,,,1,Sandpiper Beach
,,2133831148,4FU,,,,,22G47,GBBG,5,17,2022,,,,1,North Head
,,2133831501,8JP,,,,,22G48,GBBG,5,17,2022,,,,1,Larus Ledge
,,2335,8V2,,,,,22G49,GBBG,5,17,2022,,,,1,North Head
,,-757619624,1Z1,,,,,22G50,GBBG,5,17,2022,,,,1,North Head
,,2133831519,4KE,,,,,22G52,GBBG,5,18,2022,,,,1,Dorm 2
,,2133830560,8EP,,,,UB,22G58,GBBG,6,2,2022,,,,1,Laighton
,,2133831518,5KH,,,,,22G74,GBBG,5,18,2022,,,,1,High Tide Pier
,,2133831521,5KE,,,,,22G77,GBBG,5,19,2022,,,,1,Sandpiper Beach
,,2133830494,4AC,,,,,22G79,GBBG,5,17,2022,,,,1,Norwegian Cove
,,1884,5R6,,,,,22G80,GBBG,5,17,2022,,,,1,Norwegian Cove
,,2133831166,1HA,,,,,22G81,GBBG,5,17,2022,,,,1,Norwegian Cove
2133831509,2017-82030,2133831509,1JV,,,,,22G82,GBBG,5,17,2022,,,,1,Gerry's Ridge
,,1947955479,2U2,,,,UB,22G83,GBBG,5,17,2022,,,,1,Norwegian Cove
,,2447,5X3,,,,,22G88,GBBG,5,17,2022,,,,1,Norwegian Cove
,,2133831158,6FU,,,,,22G94,GBBG,5,19,2022,,,,1,FMS Transect 28
,,2133831358,2HY,,,,,22G97,GBBG,5,17,2022,,,,1,Norwegian Cove
,,2133831357,1HZ,,,,,22G99,GBBG,5,17,2022,,,,1,Norwegian Cove
,,1437,9 E 0,,,,,22G100,GBBG,5,17,2022,,,,1,Norwegian Cove
,,2133830990,1FE,,,,UB,22G103,GBBG,5,17,2022,,,,1,Norwegian Cove
,,1970954063,7J6,,,,,22G104,GBBG,5,17,2022,,,,1,Norwegian Cove
,,2133830879,5EX,,,,,22G105,GBBG,5,17,2022,,,,1,Norwegian Cove
,,2133831515,1KE,,,2133831062,0FJ,22G119,GBBG,5,18,2022,,,,1,Devil's Dance Floor
,,2133831162,4FV,,,,,22G121,GBBG,5,17,2022,,,,1,Trail: Bartels to Bench